-- phpMyAdmin SQL Dump
-- version 4.9.2
-- https://www.phpmyadmin.net/
--
-- Hôte : 127.0.0.1:3306
-- Généré le :  lun. 25 mai 2020 à 22:28
-- Version du serveur :  10.4.10-MariaDB
-- Version de PHP :  7.3.12

SET SQL_MODE = "NO_AUTO_VALUE_ON_ZERO";
SET AUTOCOMMIT = 0;
START TRANSACTION;
SET time_zone = "+00:00";


/*!40101 SET @OLD_CHARACTER_SET_CLIENT=@@CHARACTER_SET_CLIENT */;
/*!40101 SET @OLD_CHARACTER_SET_RESULTS=@@CHARACTER_SET_RESULTS */;
/*!40101 SET @OLD_COLLATION_CONNECTION=@@COLLATION_CONNECTION */;
/*!40101 SET NAMES utf8mb4 */;

--
-- Base de données :  `blog`
--

-- --------------------------------------------------------

--
-- Structure de la table `article`
--

DROP TABLE IF EXISTS `article`;
CREATE TABLE IF NOT EXISTS `article` (
  `id` int(11) NOT NULL AUTO_INCREMENT,
  `title` varchar(255) COLLATE utf8mb4_unicode_ci NOT NULL,
  `content` longtext COLLATE utf8mb4_unicode_ci NOT NULL,
  `image` varchar(255) COLLATE utf8mb4_unicode_ci NOT NULL,
  `created_at` datetime NOT NULL,
  `category_id` int(11) NOT NULL,
  PRIMARY KEY (`id`),
  KEY `IDX_23A0E6612469DE2` (`category_id`)
) ENGINE=InnoDB AUTO_INCREMENT=44 DEFAULT CHARSET=utf8mb4 COLLATE=utf8mb4_unicode_ci;

--
-- Déchargement des données de la table `article`
--

INSERT INTO `article` (`id`, `title`, `content`, `image`, `created_at`, `category_id`) VALUES
(29, 'Quia temporibus non assumenda rerum amet nihil quis.', '<p>Commodi dolor eius consequatur voluptatem. Odit est placeat quis accusantium aspernatur est. Quasi et qui aperiam est incidunt.</p><p>Molestias est ut nesciunt sit voluptatem in repellat et. Aut est eaque deserunt ea officiis optio reiciendis dolores. Incidunt fuga possimus eius possimus deserunt. Voluptatem in ab itaque et facilis accusamus voluptatibus.</p><p>Maxime libero est recusandae hic autem. Qui voluptates necessitatibus a optio mollitia sint doloremque quisquam.</p><p>Consectetur quam nostrum voluptas pariatur. Corrupti voluptatem atque sint non dolores. Voluptatum eaque corporis amet voluptatum eligendi voluptates. Sint aliquid quasi odit.</p><p>Quia ab dicta tenetur. Aliquam ut dolores fugit sit magnam nulla. Beatae corrupti porro sed eos quia et enim. Molestiae magnam aut autem.</p>', 'https://lorempixel.com/640/480/?63765', '2019-12-18 14:52:46', 4),
(30, 'Id ab architecto fugit eligendi.', '<p>Similique impedit vel asperiores eos saepe rerum qui. Aut provident esse velit eligendi et minima consequuntur. Quia laborum ut dolore quibusdam quo. At fuga eius est inventore omnis iure omnis.</p><p>Minus accusamus incidunt sit facilis rerum ipsam et est. Cupiditate sed natus vel. Natus voluptatem eveniet est veritatis optio id ratione. Eligendi dicta sed ut amet est modi possimus. Est ut voluptate sint tenetur.</p><p>Corporis debitis dignissimos odit velit odit explicabo id. Vel dolor voluptatem velit nihil ut voluptatum. Harum nostrum optio explicabo quis. Nostrum voluptatibus aut magni molestiae nulla cupiditate aliquid qui.</p><p>Nemo molestias quis molestias magni cupiditate. Aut eius molestias cum necessitatibus. Ut qui sequi itaque et rem neque libero ea.</p><p>Explicabo ut aut totam et. Illum vero sunt enim qui dignissimos ab. Est voluptate amet repellendus dolor quis amet.</p>', 'https://lorempixel.com/640/480/?42038', '2019-12-19 15:34:55', 4),
(31, 'Eum et cum accusamus vitae incidunt facilis nesciunt sunt.', '<p>Voluptas sapiente expedita nihil reiciendis esse illum libero. Et fugit ut quia omnis est harum quod. Explicabo enim ducimus sed non. Excepturi et ipsam quas ipsum.</p><p>Ea nemo adipisci error labore. Sit et dolorem iure quas et incidunt quisquam. Harum ut maiores tenetur officiis eius. Expedita voluptatem ea error veniam non.</p><p>Itaque reprehenderit et assumenda autem officiis et. Dicta beatae corporis voluptatem culpa ipsum a cupiditate. Eligendi aut at rerum sed voluptas eos doloremque. Recusandae recusandae tenetur sed est doloremque quam.</p><p>Numquam veniam vel exercitationem fugiat inventore quasi. Quisquam incidunt perferendis velit non quos non. Vero autem tenetur et quis necessitatibus quae repellendus.</p><p>Quam maiores hic ut optio. Totam rem accusantium asperiores qui. Tempora eius numquam optio autem similique esse saepe.</p>', 'https://lorempixel.com/640/480/?60889', '2020-04-05 21:54:49', 4),
(32, 'Voluptates molestiae necessitatibus omnis ullam tempore.', '<p>Sit labore ipsa at unde rerum. Perspiciatis aperiam laboriosam laboriosam repellendus beatae in explicabo. Ut quis facere eaque dignissimos.</p><p>Qui et similique architecto unde quia. Esse doloremque aut qui impedit. Dolores eveniet doloremque quaerat fugit. Et et facilis quidem et qui voluptas maxime.</p><p>Officiis est sit iure maxime dicta. Minima fuga quaerat voluptas iure. Quo nihil qui placeat. Voluptas assumenda sint eum enim.</p><p>Nam nulla laudantium nesciunt ducimus eos. Ut omnis omnis aut neque repellendus nisi. Velit et animi porro et autem similique ipsum ad.</p><p>Ex iusto quia alias autem est est quasi. Sapiente ad fugiat repellat quisquam aliquid voluptatem. Dolores dolore omnis est dolores quae ut. Est voluptate consequatur et dolorem ea voluptas nulla.</p>', 'https://lorempixel.com/640/480/?32346', '2020-02-08 07:25:38', 4),
(33, 'Corrupti ut ex nostrum.', '<p>Aut voluptatibus recusandae fuga in illo voluptatem deserunt ut. Vero est commodi earum minus. Aspernatur et odio veniam et earum dolorum magnam. Modi hic laboriosam delectus ducimus dolor et et.</p><p>Aut est alias qui totam cupiditate qui voluptatibus. Hic et commodi neque corrupti consequuntur. Velit rerum dolor architecto sed. Est est natus autem sunt saepe vel.</p><p>Hic molestiae et assumenda sint omnis quia. Corporis quidem quia quos cum. Voluptatibus consequatur pariatur aliquid fuga. Adipisci quo ab corporis blanditiis provident.</p><p>Nesciunt nemo voluptas magni voluptatibus corporis non ea. Vero ut id ullam explicabo est. Dolor et quod provident.</p><p>Rem velit illo voluptatibus mollitia fuga. Laudantium explicabo doloremque consectetur consectetur qui eos delectus exercitationem. Qui qui provident consequatur id aut nobis. Debitis cum maiores sequi ea.</p>', 'https://lorempixel.com/640/480/?99008', '2019-11-28 20:21:41', 4),
(34, 'Quia aut culpa itaque molestias voluptatem sapiente.', '<p>Quidem quibusdam mollitia ut officia assumenda deserunt ut accusantium. Temporibus soluta qui natus ad. Non consequatur molestiae illum est voluptatem.</p><p>Ut consequuntur deserunt est sed. Vel aut ad possimus necessitatibus similique illo.</p><p>Inventore sequi autem sequi explicabo eum. Aut soluta ipsam omnis quia dolor aperiam. Ut adipisci consequatur quia.</p><p>Iste voluptatem nihil cupiditate aut beatae suscipit amet repudiandae. Esse dolor quia totam exercitationem. Nostrum veritatis voluptate omnis vel dicta.</p><p>Velit dolorem voluptatum ut quos nesciunt ut doloremque. Similique pariatur ex nam eius eius ipsa velit. Eos nobis rem molestiae voluptate. Dolorem quaerat expedita eum et sed qui.</p>', 'https://lorempixel.com/640/480/?59132', '2019-12-15 10:58:20', 4),
(35, 'Quis suscipit excepturi harum itaque voluptates aperiam.', '<p>Eligendi repellendus veniam repellendus minima eveniet hic. Sit sint quis nostrum aut sed doloremque nobis.</p><p>Soluta similique atque explicabo est fugiat. Rem architecto blanditiis natus facilis consectetur quam sunt. Expedita eum libero non dolor aut totam repudiandae.</p><p>Dolor laborum in qui quia error earum. Consequatur assumenda unde ad provident aliquam facilis. Quia et beatae quis dolore modi sequi.</p><p>Quo architecto nobis nesciunt et fuga. Dolor est repudiandae est ut. Aut natus non qui facilis consequuntur at.</p><p>Explicabo consectetur a quam at deserunt. Voluptas soluta doloribus eos facere sequi. Odit reiciendis quae facere minima ipsum. In reiciendis id quia et reiciendis consectetur. Molestiae itaque blanditiis consequatur non sunt pariatur voluptas.</p>', 'https://lorempixel.com/640/480/?95676', '2019-12-09 20:14:43', 5),
(36, 'Est et qui et alias quam.', '<p>Ea sed minus est a. Accusamus qui qui unde fugit dignissimos labore. Accusantium repellendus unde tenetur quis architecto. Soluta velit fugit molestiae ab totam inventore.</p><p>Qui aperiam quaerat occaecati ut. Natus unde maxime accusamus dolores quia suscipit. Aut ea sed ducimus velit.</p><p>Voluptas voluptas possimus culpa quo natus dicta. Enim quisquam molestiae ab est quo dolore iusto. Minus quam voluptatem laudantium fugit. Veniam ea sequi facere sint nostrum.</p><p>Asperiores dolores similique praesentium magnam similique quo. Dolorem maiores quia nam corporis quos dolore. Occaecati ut debitis molestiae et.</p><p>Iste ex sint atque ut. Sint commodi atque sit est voluptatibus eos. Vel asperiores eum pariatur consequuntur. Sed deserunt ex minus non qui reiciendis dolores.</p>', 'https://lorempixel.com/640/480/?50493', '2019-11-30 18:35:06', 5),
(37, 'Unde in natus numquam repellat.', '<p>Assumenda corporis aut quas vero nisi molestias. Corporis laudantium maiores quis laboriosam quasi magni. Veniam ut itaque atque. Et quis rerum qui accusamus.</p><p>Vel mollitia voluptate eos reiciendis. At quasi vero eum laboriosam at. Quod velit cupiditate soluta voluptates eligendi.</p><p>Sit perspiciatis blanditiis eos. Delectus aperiam necessitatibus nihil corporis. Est et vero amet vel. Vel aperiam repellendus iste non aut accusamus sint.</p><p>Quidem et natus harum eum et. Nihil similique non ut qui. Velit reprehenderit repellat ut non ipsum sit. Nemo corporis autem at perferendis doloremque.</p><p>Qui molestiae hic molestiae sit quis earum ratione ut. Accusamus corporis laborum eligendi voluptatem qui similique. Iure illum iure aut et est voluptas. Qui qui officia in dolorum recusandae aut ut voluptatem.</p>', 'https://lorempixel.com/640/480/?23461', '2020-01-22 00:38:17', 5),
(38, 'Placeat eum nobis pariatur corrupti corrupti magni explicabo.', '<p>Numquam sit numquam magnam illo sit et eaque debitis. Est fugiat saepe sunt sit cum quasi. Voluptas deleniti eaque quibusdam velit dolore adipisci sapiente. Voluptates eaque aut totam doloremque aperiam.</p><p>Sunt fugit molestiae sit voluptate omnis officia laborum consequatur. Et nisi optio expedita. Quisquam culpa consequatur omnis est sed quos accusamus.</p><p>Recusandae qui aut consequatur eum aut id. Modi voluptatem excepturi error aspernatur sed. Pariatur et nobis maxime ducimus qui quasi sint hic.</p><p>Earum ut ab aut ullam. In iste vero a repellendus. Velit iste molestiae nostrum minima voluptatem dolorem. Ut vitae voluptatibus eveniet voluptatem voluptatem.</p><p>Rem rerum porro unde placeat est eaque. Impedit doloremque et officiis est id aut. Incidunt laborum at voluptatibus.</p>', 'https://lorempixel.com/640/480/?23031', '2020-02-06 02:48:08', 5),
(39, 'Sed velit sed ipsam veniam nam.', '<p>Accusamus sequi ducimus id pariatur. Temporibus labore ea ut cum eius eum eos. Sed officia velit earum quae ea quos.</p><p>Enim beatae consequatur deserunt veniam deleniti dolor voluptatem. Sapiente placeat sunt sit culpa. Eos voluptas blanditiis rerum.</p><p>Sint sunt veritatis omnis. Ut esse voluptatem quis non et. Dolore quis ea est placeat.</p><p>Eius totam labore sit animi aut voluptatem dolorum. Perferendis dolor quo aspernatur veniam voluptates provident fuga. Tempore voluptatem ad aliquam mollitia earum quod. Est fugit doloribus at delectus.</p><p>Maiores nulla reprehenderit sunt. Ab illo sunt harum sunt quam nemo similique.</p>', 'https://lorempixel.com/640/480/?82546', '2020-01-11 02:54:04', 5),
(40, 'Eum est est distinctio possimus.', '<p>Aut nobis voluptatem corporis similique qui occaecati molestiae est. Maxime alias est est consequuntur cupiditate. In suscipit perferendis est omnis a non aliquid nam. Quaerat qui nesciunt at et.</p><p>Quos animi provident sit neque consequatur. Odit dolore animi sunt nisi dolor. Ad a qui omnis delectus deleniti saepe.</p><p>Maxime et porro corrupti cumque id nulla. Quia molestiae accusantium ut. Quas nostrum a quis voluptatem perspiciatis. Ipsum est rerum saepe exercitationem.</p><p>Provident iusto explicabo voluptas eos beatae nam. Rerum et optio doloremque. Amet animi qui explicabo voluptatum veniam cum animi. Nobis at sit ut tempore voluptatem non.</p><p>Laudantium exercitationem error earum quia quis at quam. Perferendis deserunt labore quod eos. Officia voluptatem repellendus tenetur magnam facere deleniti. Eos non repellendus dolores porro et ut.</p>', 'https://lorempixel.com/640/480/?89189', '2020-02-10 15:44:19', 6),
(41, 'Magnam sed error qui maxime consectetur odio aut.', '<p>Non ut optio et aut. Voluptates quae deleniti omnis non voluptas. Ea distinctio iure ut nisi labore tempora.</p><p>Earum voluptatem sit unde non provident. In rerum doloribus vitae quaerat a et. Pariatur totam ut sunt fugiat.</p><p>Cumque quo atque est quia dignissimos voluptate aut. Inventore et maxime perspiciatis rem sed. Quisquam magnam non alias aut nostrum.</p><p>Est aut aut voluptate neque in et. Nihil odit et adipisci rerum necessitatibus.</p><p>Minima qui eos unde. Omnis rerum sed unde. Ut rem deserunt quas velit consequuntur quas.</p>', 'https://lorempixel.com/640/480/?53231', '2020-01-05 06:57:46', 6),
(42, 'Voluptatibus maiores accusantium iusto modi vel harum dicta.', '<p>Sed repellendus voluptatem earum sit maiores velit. Fugiat illum qui dolorem quia eveniet voluptas et. Sequi distinctio repudiandae quam autem similique.</p><p>Et assumenda ducimus enim dolorem dolorum eveniet. Ipsum iusto aut aut consequatur voluptas est. Aut non eos odio hic est.</p><p>Adipisci quia quos eaque reiciendis accusantium. Quidem vero nulla ipsa numquam non. Est repellendus deserunt doloremque quasi qui laborum sed. Ea voluptatem reprehenderit laboriosam vel eligendi.</p><p>Necessitatibus aut deleniti et non vel enim non et. Consequuntur labore quam dolores at dolorem possimus enim optio. Eius aut occaecati molestiae.</p><p>Quia iure facilis quas dolore molestiae eveniet assumenda. Sint qui qui accusantium sit ab. Tenetur sit voluptatem sit ducimus et.</p>', 'https://lorempixel.com/640/480/?91622', '2020-02-25 23:28:46', 6),
(43, 'Architecto itaque qui quod voluptates aut molestiae.', '<p>Corrupti eum laudantium rem pariatur provident ut. Veniam dolorum quae odit est ullam qui necessitatibus. Dolorem voluptas repellat eligendi vitae eveniet molestiae.</p><p>Aperiam dolorem quidem ducimus dolorem consectetur harum pariatur. Voluptatem repudiandae incidunt totam dicta eligendi et. Molestiae voluptatem pariatur repellendus ea.</p><p>Repudiandae id voluptatem facilis ut accusamus sunt dolorem. Cupiditate sunt repudiandae ducimus quo sunt quia. Tempora rerum odit eum eligendi. Voluptatum ex est est nesciunt excepturi.</p><p>Natus alias sit ea officiis eius ea doloribus quia. Nobis perspiciatis ullam minima a ducimus. Laudantium ut ut a dolores. Eum nobis perferendis exercitationem et. At sit cumque tenetur dicta recusandae delectus natus quisquam.</p><p>Saepe necessitatibus corporis ad tempora minima. Repellat et temporibus rerum facilis quia laborum hic praesentium. Qui reprehenderit nostrum ut illo beatae totam.</p>', 'https://lorempixel.com/640/480/?15019', '2019-12-01 01:02:59', 6);

-- --------------------------------------------------------

--
-- Structure de la table `category`
--

DROP TABLE IF EXISTS `category`;
CREATE TABLE IF NOT EXISTS `category` (
  `id` int(11) NOT NULL AUTO_INCREMENT,
  `title` varchar(255) COLLATE utf8mb4_unicode_ci NOT NULL,
  `description` varchar(255) COLLATE utf8mb4_unicode_ci DEFAULT NULL,
  PRIMARY KEY (`id`)
) ENGINE=InnoDB AUTO_INCREMENT=7 DEFAULT CHARSET=utf8mb4 COLLATE=utf8mb4_unicode_ci;

--
-- Déchargement des données de la table `category`
--

INSERT INTO `category` (`id`, `title`, `description`) VALUES
(4, 'Veritatis quia ut quod.', 'Consequatur unde cum provident modi quia minima rerum. Nulla magni aliquam quisquam a quia minima. Exercitationem reprehenderit qui inventore ipsum. Sequi a aut voluptatem omnis in accusantium. Sequi aperiam beatae magnam qui molestiae doloribus ea.'),
(5, 'Veritatis repellendus nihil in labore.', 'Necessitatibus neque amet sed sit est ea fugiat. Nihil eum nisi modi minima quos velit. Nihil commodi tenetur atque et qui.'),
(6, 'Maxime delectus beatae possimus.', 'Eaque optio libero sit adipisci veritatis enim ad. Soluta maxime excepturi voluptatum illo alias deserunt. Aliquam eius enim nemo pariatur ut provident deleniti. Nam minima sint quia voluptatum similique in velit.');

-- --------------------------------------------------------

--
-- Structure de la table `comment`
--

DROP TABLE IF EXISTS `comment`;
CREATE TABLE IF NOT EXISTS `comment` (
  `id` int(11) NOT NULL AUTO_INCREMENT,
  `article_id` int(11) NOT NULL,
  `author` varchar(255) COLLATE utf8mb4_unicode_ci NOT NULL,
  `content` longtext COLLATE utf8mb4_unicode_ci NOT NULL,
  `created_at` datetime NOT NULL,
  PRIMARY KEY (`id`),
  KEY `IDX_9474526C7294869C` (`article_id`)
) ENGINE=InnoDB AUTO_INCREMENT=91 DEFAULT CHARSET=utf8mb4 COLLATE=utf8mb4_unicode_ci;

--
-- Déchargement des données de la table `comment`
--

INSERT INTO `comment` (`id`, `article_id`, `author`, `content`, `created_at`) VALUES
(1, 29, 'Rhea Murazik', '<p>Est a laborum unde dignissimos qui. Et blanditiis neque in cum. Rerum quia voluptas nam quis. Modi dignissimos sed dolorum recusandae et.</p><p>Beatae maiores in nisi molestiae labore. Quod voluptates repudiandae saepe animi debitis aliquam ab sapiente. Illo eius magni tempora autem sit rerum. Iste est id voluptatem ut quibusdam.</p><p>Dolorum reprehenderit quisquam iure molestiae voluptatem amet error. Est inventore rerum est iste mollitia. Consequatur consequatur et velit recusandae ad cum. Provident quis reprehenderit perspiciatis quasi quia sint sed.</p><p>Voluptatem recusandae nihil impedit quis quaerat perspiciatis quam. Culpa odit eos expedita et. Vero nihil possimus voluptatibus atque sint est omnis.</p><p>Sapiente officia aut sit quasi nisi. Delectus eaque corrupti repellat consequatur. Aliquid quasi deserunt et eaque quia consequatur assumenda et. Saepe rerum nostrum culpa autem accusantium.</p>', '2020-03-09 03:50:21'),
(2, 29, 'Leila Cremin', '<p>Incidunt laborum molestias laudantium eum. Iste illum in quam quaerat ea mollitia minus sint. Voluptatem at aut quo consequatur.</p><p>Saepe magni voluptas qui commodi iste eaque aut. Iure nihil cupiditate iste qui illum. Ut ut eos rerum a beatae placeat.</p><p>Vel voluptatibus dignissimos dolor occaecati. Et ratione accusantium ea et voluptatibus est quis recusandae. Assumenda sed autem quis voluptate et. Asperiores ullam magnam laboriosam at.</p><p>Nostrum rerum iste autem adipisci facere asperiores. Cum assumenda non occaecati nisi.</p><p>Fugit laudantium veritatis autem. Ut molestiae quaerat est hic blanditiis. Quidem nemo eveniet sint quos. Deserunt eos et sed atque nobis ipsam.</p>', '2019-12-21 16:43:27'),
(3, 29, 'Edd Ryan', '<p>Soluta exercitationem veniam consequatur qui delectus repellendus necessitatibus rerum. Recusandae quibusdam quia odit aliquid occaecati repellendus. Voluptas sed molestiae aut doloribus. Et ipsa excepturi illum non non deleniti similique.</p><p>Ad expedita enim dolores. Necessitatibus dignissimos et ipsum non corrupti voluptatibus sed. Nobis modi aliquid ut qui nihil natus. Tempora sint unde cumque. Aspernatur tenetur atque iste.</p><p>In debitis sint ad repellendus aperiam aliquid. Iusto aut sequi eaque et vitae necessitatibus. Sint eum voluptatem quo voluptatem commodi nulla blanditiis. Minima voluptas ipsum qui dolorem et. Odio possimus libero libero quidem quas nulla.</p><p>Hic cum perferendis quis quibusdam aut labore. Possimus sed est sit ipsum corporis a. Quas quaerat qui sit vel cum quia molestias aut.</p><p>Quia quidem et eos aut. Reprehenderit natus quibusdam culpa deserunt ut alias. Est dolor illo voluptatem suscipit ipsam. Possimus necessitatibus blanditiis est at et sint natus.</p>', '2020-03-12 01:47:35'),
(4, 29, 'Prof. Ralph Ruecker', '<p>Nihil velit facilis mollitia explicabo fugiat ut et voluptas. Doloribus ab deserunt vel quo adipisci ea nostrum. Est maxime voluptatum iusto et voluptatem eligendi.</p><p>Harum vero dolores amet incidunt impedit. Sunt a doloremque totam voluptas. Repellat occaecati excepturi natus maiores alias omnis.</p><p>Labore fuga sit debitis facere veniam sed non excepturi. Occaecati voluptatem nam exercitationem ut mollitia. Earum est repudiandae repudiandae veritatis et tempore non.</p><p>Cumque eum esse est iste atque est nam. Quia autem nihil consectetur quae earum sit minima. Nulla tempore cumque voluptatum eum ut aliquam id. Voluptate iste dolorum placeat facilis.</p><p>Est facilis eos et cum qui excepturi. Voluptatem quas in reiciendis voluptatem voluptas. Ab distinctio corrupti est temporibus.</p>', '2020-03-26 00:24:27'),
(5, 29, 'Prof. Garnet Tromp DVM', '<p>Laborum ut qui magni exercitationem delectus tenetur. Earum aut dolorem consequuntur animi nostrum voluptatem sed.</p><p>Tempore quia quasi quia aspernatur id porro et. Qui in aut voluptatum aspernatur. Voluptate incidunt earum cum minus nisi velit.</p><p>Corporis doloribus cum ratione velit et fugiat neque sunt. Veniam id eum quo harum sint magnam quaerat deleniti.</p><p>Saepe sint blanditiis ut nemo sed. Hic sit velit qui ut repellendus doloremque sequi perferendis. Qui adipisci ad sint suscipit qui ipsam dolorem laboriosam.</p><p>Dolor non atque fugit ullam voluptatem. Quia quia maxime ut tempore iste eligendi tempora. Nobis ut neque dolorem.</p>', '2020-02-12 13:02:28'),
(6, 30, 'Maynard Wolf', '<p>Sed voluptate ut quia nihil. Deserunt veritatis quia illo ut ad excepturi impedit molestias. Aut officiis similique aut in quidem consequatur est. Ut sint delectus mollitia.</p><p>Minus eum voluptatem dolorum inventore autem cumque. Et aut sed voluptas voluptas officia fugit. Qui sit voluptas neque ab totam.</p><p>Eos dicta ipsa ducimus reprehenderit error. Rerum numquam repellendus aut sapiente. Quia facilis repudiandae numquam quibusdam distinctio iure. Quaerat rerum ut aliquam aut omnis dignissimos dolorum.</p><p>Blanditiis sit ipsam fugiat aut impedit. Harum rerum qui assumenda. Enim aliquid aliquid maxime asperiores similique perferendis. Voluptatum sequi at saepe eos quia quia.</p><p>Voluptatem qui iste nobis placeat qui quis inventore rerum. Magni minima id id. Facilis eum quas eaque vel magni facere. Magni consequatur accusantium doloremque autem nihil et commodi.</p>', '2020-02-20 05:08:09'),
(7, 30, 'Shawn Treutel', '<p>Qui omnis dolorum suscipit non qui eveniet sed. Quia nihil harum qui earum saepe officia saepe possimus. Distinctio minus et quam. Eius totam modi rerum voluptas maiores totam reiciendis qui.</p><p>Similique facere consequatur quia aliquid mollitia est ut. Iure porro facilis tempora non quia tempora at. Tenetur commodi soluta nesciunt est corrupti molestiae.</p><p>Laudantium accusantium quisquam explicabo iusto dolore vitae quia. Et mollitia est voluptatibus adipisci assumenda. Distinctio qui qui occaecati natus.</p><p>Explicabo velit voluptatem dolorem temporibus dolor. Dolor aut non qui excepturi reiciendis nulla. Odit et distinctio ipsum voluptas qui excepturi qui.</p><p>Dolorem consequuntur voluptatem quia est est dolores possimus. Rem sequi iure sint nisi. Iusto enim quia molestiae numquam nihil ut.</p>', '2020-03-23 19:48:00'),
(8, 30, 'Aliya Feil', '<p>Expedita sunt nesciunt sed tempore temporibus. Laudantium temporibus aperiam minima esse dolores voluptatem sit. Corrupti architecto eum expedita at esse quod fugiat. Quae aliquid laudantium ratione dolor.</p><p>Quia voluptas velit explicabo perferendis. Qui molestias debitis odio ut. Iusto et hic tenetur rerum. Commodi saepe dicta ad corporis.</p><p>Odio ut omnis officiis nisi. Et et laborum quia quia aut natus. Eius vero ab odit expedita id ut in.</p><p>Dolores quos beatae omnis nesciunt. Quisquam illum dolorum autem aut ipsam cum recusandae. Hic mollitia quod inventore eius cupiditate a iste. A nihil sed dolores accusamus.</p><p>Quo omnis a minima modi ut ad vero qui. Et assumenda magnam unde consequatur. Mollitia eos necessitatibus dolor hic porro consectetur.</p>', '2020-02-17 10:30:56'),
(9, 30, 'Dr. Martin Mante', '<p>Voluptatem ipsam cupiditate expedita itaque magni. Reiciendis animi et et quos. Quasi fugit animi sapiente non. Quo modi aut quas.</p><p>Animi recusandae distinctio aut neque incidunt ut nostrum. Ea sed dolorem voluptatem officia illo laudantium.</p><p>Deleniti sequi numquam quo et nulla inventore aut quod. Doloribus officiis cumque error est. Minus id deleniti tempora ut amet ipsum molestiae.</p><p>Optio reprehenderit ut illo cupiditate quo pariatur sapiente. Dolores velit soluta quas ut natus quia vitae. Sed dolores maiores nihil optio ipsa quisquam iure. Quasi error qui vitae dolorem autem.</p><p>Ad saepe qui sed magnam reiciendis distinctio dolore. Expedita deserunt mollitia ipsam asperiores. Id dolor et non ipsam enim.</p>', '2020-03-08 20:34:32'),
(10, 30, 'Mrs. Christelle Greenfelder', '<p>Deserunt ab dolor distinctio enim. Voluptatem et distinctio corrupti inventore ipsa repudiandae. Ratione ab voluptatem voluptatem perspiciatis iste culpa nam tempore.</p><p>Et quasi porro nulla ut aut perspiciatis in. Commodi voluptatem atque ipsa nam aut est minus odio.</p><p>Omnis fugiat porro voluptates. Possimus temporibus omnis temporibus id quis.</p><p>Quis quo et voluptates consequatur vitae. Aut et maiores dolorem enim sapiente unde. Sequi voluptatibus reiciendis corporis. Necessitatibus non dolor aut harum harum facere.</p><p>Aut suscipit aut impedit odio minima minima sit rerum. Architecto id magni tempora voluptas beatae doloremque quisquam. Quis ipsum ut animi officiis minima voluptas soluta. Perferendis eius dolores assumenda voluptatem tempore autem sint.</p>', '2020-01-01 11:19:32'),
(11, 30, 'Reynold Marks', '<p>Doloribus porro labore aut illo quibusdam quos. Quibusdam vel animi ullam voluptatem dolorum. Quia molestiae pariatur nemo ea quo ab. Doloremque ipsa fuga cum voluptatibus recusandae ullam.</p><p>Enim nesciunt deserunt unde est enim. Accusantium quaerat quam eveniet distinctio vitae et sed qui. Ex sunt dolorem animi eveniet non quaerat eos. Facere inventore esse a iusto.</p><p>Voluptatem at recusandae ducimus qui velit totam sed. Animi autem quia praesentium in dolor. Rerum ipsam laboriosam eos numquam delectus et consequatur.</p><p>Ratione iste sed officia occaecati. Corrupti et omnis sed fuga eveniet. Nam reprehenderit aut ipsum reiciendis.</p><p>Ratione amet magnam voluptas blanditiis. Quod ut debitis qui adipisci. Blanditiis aliquam consequatur minus dolores. Numquam commodi omnis rerum.</p>', '2020-02-21 10:47:42'),
(12, 30, 'Dr. Jose Roob Jr.', '<p>Architecto ratione enim et sequi rem dignissimos eum. Sequi dolor in adipisci illum. Repellat voluptatem consequatur totam iste. Quia sint nesciunt enim laboriosam tenetur.</p><p>Totam atque numquam dolorum et vel nihil. Accusantium enim reprehenderit recusandae pariatur. Possimus libero error sunt aut nisi. Vel molestias velit numquam occaecati qui porro fugit.</p><p>Quam voluptatem harum dolore distinctio non id sint. Quam aliquam cum incidunt cum omnis. Assumenda aut laborum ex consequatur commodi quaerat. Magnam est ipsam a sint debitis.</p><p>Debitis maiores excepturi possimus veniam ea. Et officia quia ipsum velit possimus amet dolorem. Doloribus consectetur voluptates aut. Sed autem qui voluptatem.</p><p>Reiciendis distinctio enim voluptas minima laborum est voluptas. Adipisci vitae quasi iusto officiis saepe. Amet non in dolores ab nam accusantium iure numquam. Aliquid sapiente architecto sint deserunt sequi quaerat debitis.</p>', '2020-02-25 02:10:47'),
(13, 31, 'Alice Mayert', '<p>Enim reiciendis repudiandae dolor voluptatem sed. Qui numquam voluptas iure. Ipsam similique nulla tempora sit voluptas voluptatem. Ex autem repudiandae quia totam.</p><p>Ex est deleniti id voluptate quo omnis repudiandae illo. Quia cum vel enim sed pariatur. Atque vel ut nihil sed et optio earum. Et veniam ea suscipit quia non voluptas excepturi id.</p><p>Adipisci sit harum alias dolores eum sapiente. Iusto dolores aut qui veniam repudiandae. Fugit ea et blanditiis est excepturi quia. Eaque cupiditate voluptatibus ratione consequatur laudantium et enim.</p><p>Voluptatem corporis modi voluptatem numquam et doloremque qui consequatur. Enim sint optio recusandae tempora beatae cumque. Delectus repellendus saepe sequi.</p><p>Sit praesentium a accusantium dolore perspiciatis. Totam est mollitia quam dolores. Similique velit est autem quia. Et tempora eius totam assumenda in beatae.</p>', '2020-04-07 03:37:56'),
(14, 31, 'Hilton Powlowski', '<p>Cumque fuga quia maxime voluptatem sit quidem. Quis et molestias sed distinctio ducimus doloremque natus pariatur. Aperiam neque qui beatae iste sit incidunt. Inventore dolores voluptatum possimus a.</p><p>Ut quam quia eum quisquam vel excepturi dolores. Debitis temporibus ab eius et suscipit suscipit voluptatem. Ut debitis et reprehenderit ut quia.</p><p>Nisi expedita dolorem esse et similique sit. Dignissimos odio earum id adipisci rem dolor quo.</p><p>Corporis animi ex voluptatem beatae nulla autem. Ex commodi quae id sunt. Expedita omnis nobis ex nisi.</p><p>Suscipit corporis quaerat laudantium fugiat neque magnam. Distinctio perferendis consequuntur doloremque ut nisi. Accusamus earum voluptates totam fugiat. Quo aut quo impedit.</p>', '2020-04-07 15:33:55'),
(15, 31, 'Rocio McKenzie', '<p>Et reprehenderit natus neque ab doloremque magnam. Cumque doloremque mollitia voluptate ad voluptas quia. Aut similique eum et laudantium ea voluptatibus.</p><p>Atque cupiditate nemo sunt quidem ab dolor. Natus nihil repellat sint non ut. Libero consequatur accusantium ea deserunt officiis sit excepturi impedit. Similique odit aut delectus ex exercitationem in quas.</p><p>Eos nam minus iure sed quis. Est voluptate sapiente atque hic nihil est quis perferendis. Quia odio laudantium nulla. Sint quaerat cumque recusandae.</p><p>Quasi facilis totam ex quo vero sint reiciendis ut. Ut assumenda tempore culpa quas quisquam quas non. Non non nobis aliquam sed cumque deleniti et. Aut iure odit veritatis iure.</p><p>Voluptatem itaque officiis quo veniam ut enim explicabo. Debitis id et soluta omnis sed rerum. A expedita aliquid fugiat aut.</p>', '2020-04-07 17:57:17'),
(16, 31, 'Shaina Reynolds', '<p>Sint officia totam ullam ex. Id repellendus iste et qui dolores consequatur. Incidunt minus quia dicta libero dolorem ex. Velit facilis sunt et optio ad provident. Repellat itaque voluptatem repellendus sed nesciunt.</p><p>Rerum et animi sint. Voluptas quo voluptates voluptates reiciendis illum. Quam ea facilis consequuntur consequatur possimus consequuntur.</p><p>Ea qui voluptatem quis voluptatem. Neque dolorem doloribus eligendi ad sit odio explicabo. Animi quibusdam aliquid libero non iusto.</p><p>Excepturi est voluptatum rerum odio quae odio velit. Aut quia dolor unde nam sed officia. Laborum provident tempora omnis reiciendis vel.</p><p>Nulla enim repellendus architecto cupiditate repudiandae expedita. Voluptates itaque voluptatibus neque vero odit facilis natus. Laboriosam quisquam magni officia esse deserunt iste temporibus. Repellat et rerum molestias deserunt debitis modi libero. Explicabo dolorum qui aspernatur dolorem.</p>', '2020-04-07 06:21:42'),
(17, 31, 'Alia Morar', '<p>Et voluptate illo minima quam. Corrupti ut excepturi reiciendis ducimus et dolorem. Voluptas at fugiat totam et voluptatem est odit. Tenetur iste in laborum cum.</p><p>Aliquid sit iure recusandae sapiente consectetur corrupti. Voluptate harum et occaecati excepturi voluptas et. In molestiae est sapiente quis voluptate.</p><p>Id quaerat quis molestiae a ea et. Excepturi ex in consequatur. Distinctio id eaque et ullam. Ullam at quisquam cumque similique distinctio dicta.</p><p>Aliquam et est atque voluptatem blanditiis possimus. Deserunt qui earum et odio molestiae nisi. Sapiente voluptatem quia quidem sequi.</p><p>Cumque itaque sunt id sed ex et. Sint eligendi facilis ratione debitis illo ratione magni possimus. Numquam facere quisquam et et est rem rerum. Temporibus sequi quibusdam consequatur rerum quis commodi omnis.</p>', '2020-04-06 19:49:01'),
(18, 32, 'Hazel Dietrich', '<p>Est consequatur veritatis quidem sapiente eos. Exercitationem quos perspiciatis nisi sit et tenetur ducimus.</p><p>Dolorem necessitatibus perspiciatis ex enim. Qui maxime quia aut numquam. Ab et vitae ut quo aliquam veniam recusandae.</p><p>Dolor voluptatum quidem est quia nesciunt reiciendis reiciendis. Recusandae laborum et cum minima soluta. Repudiandae labore modi quo debitis optio explicabo a eveniet.</p><p>Animi laudantium libero sed et eligendi. Cumque et iure accusamus velit. Corporis est illum fugiat in cumque est esse corporis.</p><p>Non veritatis architecto inventore doloremque dolorem. Consequatur adipisci est qui nihil labore laboriosam quia minus. Dolorem commodi sed repudiandae illo. Libero dolorem reiciendis omnis. Ea nemo quos sequi alias velit.</p>', '2020-03-22 07:28:06'),
(19, 32, 'Mikel Rutherford', '<p>Consequatur qui dolor sint quibusdam itaque. Sit dolorum aut deserunt. Autem culpa ullam id impedit dolorem consectetur neque.</p><p>Optio dolorem et sit libero sapiente ut quibusdam. Dolor non quae veritatis quasi unde. Dicta veniam voluptatem voluptatem ut voluptatem repellat. Aliquid et odit soluta odit.</p><p>Et exercitationem rerum non et dolore. Animi enim tenetur porro velit quo quia optio est.</p><p>Illum neque deserunt dignissimos fugiat ipsam. Omnis velit blanditiis est ut odit et. Ut nostrum veniam saepe voluptates aut molestiae nisi. Dolorem libero est aut sed vel.</p><p>Fugit unde dolorem vel provident ut nihil. Cum sequi facere est. Voluptas ea sed maxime aut enim doloribus.</p>', '2020-03-31 07:44:21'),
(20, 32, 'Dr. Tyrique Steuber MD', '<p>Est nam exercitationem neque corporis ratione. Dolorem veniam inventore rerum ut quos aliquid. Dolorum iure veniam recusandae reiciendis. Porro corporis sed officiis eos architecto.</p><p>Odio quasi totam ut modi asperiores quo. Aliquid qui aut harum. Porro alias similique enim itaque sint animi porro.</p><p>Sed ipsam ut eum architecto laborum harum mollitia. Asperiores est dolorem sunt fugiat est est laudantium. Aut blanditiis deleniti est dolorem sit. Maiores voluptates tempore architecto eveniet fuga animi neque. Molestias culpa cupiditate omnis quo.</p><p>Amet laborum eum reiciendis voluptas est omnis tempore laboriosam. Officiis quisquam temporibus distinctio amet. Modi amet quia cum unde nihil vel harum. Quasi nostrum nobis consectetur sed et.</p><p>Neque possimus voluptatem veritatis animi fugiat quos nihil. Ipsa voluptas aut aut veritatis sequi.</p>', '2020-02-19 05:49:07'),
(21, 32, 'Jesse Murphy', '<p>Culpa temporibus quis rerum libero in deleniti voluptas. Odit illum ut sint ex nobis. Veritatis ut laborum quibusdam nostrum.</p><p>Ut distinctio et non molestiae. Ut dolorem necessitatibus expedita incidunt voluptatum quis. Aut eaque illum et aut est unde animi. Incidunt fugit doloribus iusto quae et excepturi. Officia cumque ut quisquam et eum facilis ut.</p><p>Ipsa consequatur tenetur consequuntur consequatur ducimus. Quia totam modi dignissimos iure recusandae blanditiis quos. Eos quasi mollitia explicabo dolor natus eum.</p><p>Voluptates nihil est incidunt. Occaecati ab assumenda commodi nulla cupiditate ea ipsam odit. Voluptates velit maiores rerum similique facilis fuga.</p><p>Consectetur maiores quae molestiae ipsam. Ab et minus expedita et nulla. Tempore quis dolores repellat. Odio sit dolores consequuntur et delectus rerum nesciunt earum.</p>', '2020-02-21 13:36:06'),
(22, 33, 'Ms. Beryl Cronin Jr.', '<p>Cumque laborum dolor quae quo. Ipsam occaecati vel a debitis exercitationem est nulla eos. Eius non dicta quasi dolorum accusamus illum sint impedit. Est ab hic odit itaque blanditiis beatae.</p><p>Recusandae laborum et aut ut. Asperiores consequatur aliquam nesciunt et qui. Quam quidem rerum veniam molestiae officia optio. Accusamus vel quia et sint dolores magni blanditiis.</p><p>Et et autem aperiam inventore dolorem dolor. Iure maxime et est harum ducimus illo quidem incidunt. Ratione consectetur ut sapiente et dicta sit ullam. Voluptatibus odio fugit dicta ratione rerum.</p><p>Dicta repellendus voluptatem ut consequuntur suscipit. Vitae et id reiciendis est.</p><p>Laborum quam sit aut commodi. Placeat cumque distinctio beatae placeat. Dolores eius laborum error qui. Qui quam autem qui et.</p>', '2020-02-13 11:30:02'),
(23, 33, 'Mr. Clinton White', '<p>Necessitatibus iusto commodi eum id dolores vero repellendus. Alias eaque assumenda eum sit qui non aut. Ipsa at sed sit aut. Et id esse dolor eius est.</p><p>Maxime recusandae provident impedit vitae et perferendis autem. Iste inventore adipisci aperiam inventore placeat sed quia. Quisquam libero perferendis ipsam quibusdam. Dolorum voluptatem iste sed est.</p><p>Ut ea voluptates ut voluptas eum voluptatem possimus. Explicabo ex ipsa illum at accusamus et quas. Illo unde aut ipsum aut illum.</p><p>Aut accusantium doloribus nulla quo labore. Et cumque cupiditate consequatur esse consequatur. Dolorem quod aliquam soluta. Est soluta qui non provident.</p><p>Esse atque aliquam quidem dolores ducimus. Iste omnis explicabo ullam quod non. Sed facilis odio nostrum. Quod possimus nihil sint non.</p>', '2020-01-06 09:09:42'),
(24, 33, 'Dr. Jenifer Jacobson MD', '<p>Quia placeat accusantium et corrupti perferendis. Molestias nihil eaque quod vero dolores quia dolorum. Voluptas distinctio praesentium iure rerum quisquam qui est. Error adipisci tempora quidem.</p><p>Aliquid ipsam et odit incidunt minus ut. Culpa libero tempora est optio tenetur. Cumque provident voluptatem omnis accusamus. Dolorem molestias molestias enim impedit omnis non earum.</p><p>Natus pariatur quis iusto impedit praesentium ducimus reiciendis. Sint aliquam pariatur vel officiis eligendi quia qui. Labore dolorum consequatur beatae exercitationem iste alias. Praesentium dolor molestias eum laborum aspernatur. Culpa nulla repellat velit architecto expedita voluptatibus.</p><p>Voluptas dolorem consequuntur et. Tempora blanditiis repellat voluptas ut. Esse culpa unde hic voluptates. Rerum dicta fugiat perspiciatis iusto numquam exercitationem recusandae.</p><p>Esse rem blanditiis inventore beatae. Voluptatem quis exercitationem possimus dolore. Voluptas aut aut dolor consequatur sint numquam. Hic ad aut beatae.</p>', '2019-12-10 15:18:49'),
(25, 33, 'Mr. Federico Koss V', '<p>Facilis et tempora ipsam voluptatem sit. Maxime dignissimos et enim et assumenda. Nihil voluptas impedit animi.</p><p>Dolore est et voluptatum autem odit et. Voluptate modi eligendi explicabo optio voluptas illum veniam dolor. Qui similique consequatur tempore. Quo harum nihil voluptatem exercitationem commodi omnis magni.</p><p>Quis iure est nihil ex aliquam officiis iusto. Aspernatur laboriosam deleniti praesentium natus temporibus et et.</p><p>At quis mollitia qui qui. Voluptatem voluptatem fuga iste harum omnis minima quos. Nemo facere in neque quod ipsa illo.</p><p>Odio et distinctio quisquam rerum voluptas ipsum corporis. Fuga perspiciatis corrupti minima tempora ab molestias asperiores. Explicabo ad exercitationem quam dolores.</p>', '2019-12-01 18:25:35'),
(26, 33, 'Afton Cummings I', '<p>Quasi voluptatem aliquid et et quia. Alias vero commodi tempore quo quibusdam ab cupiditate. Magnam id modi eligendi voluptate reiciendis aliquam.</p><p>Autem et pariatur porro. Odit distinctio consequatur odit laborum quam. Expedita provident sequi est omnis dolores. Quo aliquid et voluptatem eveniet.</p><p>Quisquam sint officia ipsum veniam laboriosam aut. Aut dolorem eveniet qui quaerat accusamus non. Rerum et tempora dolorem at modi quo. Tempore id recusandae fugiat sunt provident dicta dolorem.</p><p>Illum non id quia veritatis accusamus recusandae hic. Dolorum quia voluptatem et esse voluptate consequatur. Dolore earum quod beatae recusandae.</p><p>Quas architecto qui asperiores exercitationem aut. Commodi doloribus sint rem rerum. Consequatur ipsum voluptas sed et nisi. Debitis necessitatibus accusantium dicta voluptas voluptates voluptatem voluptatem.</p>', '2020-03-11 09:23:40'),
(27, 34, 'Dejah Schuster', '<p>Necessitatibus vel ut assumenda reiciendis. Necessitatibus id soluta odio nobis ratione. Enim quis aut esse corporis doloribus facere optio. Facilis eos recusandae consequatur omnis.</p><p>Incidunt non doloribus repellendus molestiae at neque eligendi. Non qui aut omnis necessitatibus laudantium minima in. Quia quisquam nisi numquam adipisci facere nesciunt. Vitae iure pariatur laborum ullam rem ut.</p><p>Et dolores quia temporibus ad. Et pariatur est assumenda non. Modi consectetur officiis placeat nulla iste. Ipsum architecto et et ut molestiae.</p><p>Distinctio quisquam ut necessitatibus aut aut error unde quibusdam. Dolor saepe dolores ipsam totam. Et sequi ducimus maxime nostrum sit consequuntur. Nulla id et qui laboriosam exercitationem commodi.</p><p>Ipsa sit sit aliquid quis. Sint et alias ex et enim. Consequatur magnam harum ut qui. Nihil sed est eveniet iusto facilis reprehenderit.</p>', '2020-02-16 05:29:58'),
(28, 34, 'Amani Jones', '<p>Ullam consequatur reprehenderit vel consequuntur possimus. Vel quam autem quaerat qui velit. Sed sit doloribus perferendis.</p><p>Minima aut dolorem perferendis provident tenetur explicabo et sunt. Est sequi magnam totam dolor laudantium omnis sed. Exercitationem quo temporibus ea quam labore temporibus dicta.</p><p>Quia facere amet quod omnis. Quo quibusdam quis non voluptas corrupti corrupti. Ad perferendis aliquid consequatur modi repellendus nihil et. Rerum ut tenetur voluptate molestias.</p><p>Dolor nihil omnis quidem recusandae. Consequatur assumenda distinctio ut dolor. Itaque culpa quos numquam iste cupiditate et praesentium.</p><p>Maxime nemo recusandae aut et voluptate voluptatem rerum dolores. Consectetur neque doloribus libero et ipsum at perferendis. Debitis quo quia totam qui recusandae dignissimos quas et. Autem quod molestiae id beatae pariatur aspernatur adipisci sint.</p>', '2020-02-13 13:07:54'),
(29, 34, 'Bennie Fay', '<p>Maxime iusto soluta molestiae accusamus minus. Culpa explicabo molestias tempore adipisci. Qui quia dicta cumque sequi. Ut qui tenetur excepturi repellat.</p><p>Sunt voluptatem voluptas est nobis. Laudantium molestiae et asperiores repellendus. Dolorum voluptate excepturi deleniti laudantium incidunt dolores est non. Quia molestiae tempore ratione nihil. Eveniet rerum cum voluptates illo.</p><p>Est quidem totam ipsa veniam. Impedit maxime nam ipsam omnis. Sed ducimus inventore dolorem quis facere consequatur nostrum.</p><p>Id consequatur excepturi ratione eos delectus incidunt ipsum. Libero et ea velit nesciunt et cupiditate. Velit dolores amet provident vel.</p><p>Sequi impedit nemo sit ea. Omnis molestiae enim voluptatem. Quasi porro similique explicabo nulla accusantium inventore. Eum voluptatem dolorem soluta perferendis autem.</p>', '2019-12-22 06:30:26'),
(30, 34, 'Lucinda Weissnat', '<p>Ipsa molestiae et corrupti qui. Sunt consequatur ea fugiat eaque deserunt. Repellat architecto et vitae reprehenderit est.</p><p>Dicta illo nihil quod quasi totam illum eum. Illo maiores veritatis debitis assumenda quae est quia sint. Rem aut reprehenderit beatae aliquam dolor. Adipisci unde iusto consequuntur ea rem.</p><p>Sed facilis aut ea ex est voluptatibus. Cumque nulla modi nobis velit animi. Ut et ut et. Pariatur nostrum occaecati quisquam sunt sit.</p><p>Nulla ea dolor accusamus. Qui molestias laboriosam nulla qui tenetur. Fugit et facere non qui sunt. Reiciendis magnam voluptates sunt sunt veritatis et.</p><p>Rerum rerum aperiam inventore et vel labore deleniti. Nulla officia deserunt veritatis omnis architecto eius quae et. Sequi voluptas aut a id consectetur saepe ex. Voluptas explicabo consequatur sunt sequi quia sit aut.</p>', '2019-12-22 13:04:40'),
(31, 34, 'Prof. Vallie Towne DDS', '<p>Mollitia consequatur sit excepturi odio laborum nihil. Recusandae est aliquid officia cumque voluptates.</p><p>Consectetur quia et rem distinctio magnam quis. Ipsa consequatur soluta aut occaecati. Voluptatem sed ipsa harum sint eum itaque. Cumque ad totam aperiam voluptas.</p><p>Vero ipsum deleniti vero dignissimos sed consequatur rem. Sit tenetur facere ut magni tempora. Modi suscipit aut similique. Quia et tenetur dicta dolor sit vitae est.</p><p>Corrupti dignissimos quod vero qui. Deserunt aut consequatur recusandae libero similique quo tempore deserunt. Quo omnis odio iusto et. Quos qui dolores voluptatem. Sed libero dignissimos beatae porro consequatur.</p><p>At consectetur iusto voluptatem est voluptas eum provident. Quaerat excepturi voluptate repudiandae et eaque asperiores voluptatum.</p>', '2019-12-16 13:42:52'),
(32, 34, 'Filiberto Lockman PhD', '<p>Quia autem quo nisi cupiditate. Omnis dolorem dolorem aliquam dignissimos dolorem facere. Eveniet praesentium cumque odio qui hic ad rerum.</p><p>Corrupti placeat consequatur odit autem voluptate in architecto. Animi qui delectus ratione est nisi ut. Sunt voluptatem voluptatum porro nulla nemo. Quam voluptates vel exercitationem odio saepe sunt dolor labore.</p><p>Iusto corrupti quis architecto ut aspernatur saepe labore. Assumenda minima aspernatur vero culpa impedit veniam enim. Quia qui molestiae voluptatem velit. Delectus aut incidunt aut magni.</p><p>Sapiente nulla aut ipsa esse nesciunt et. Perspiciatis amet sit sed. Quia nesciunt sapiente pariatur deleniti. Totam adipisci a aut asperiores expedita molestiae cupiditate.</p><p>Consequuntur minima quas hic consequatur. Aliquam deleniti libero et et vel. Maxime et perspiciatis non dolore.</p>', '2019-12-24 12:52:17'),
(33, 34, 'Okey O\'Hara', '<p>Nemo voluptatem est et labore. Est blanditiis quia ut assumenda. Saepe esse voluptatem non cum omnis commodi ut. Placeat est sit quasi est eos est.</p><p>Ut ut rerum vel molestiae et dolor. Dolor sint quia eos nostrum nihil. Alias voluptate iure est corporis velit quos officiis blanditiis. Cumque quidem rerum nobis aut doloremque vitae sit et.</p><p>Laudantium vel molestiae consectetur aut voluptates. Dolorem maxime odit tempore libero esse unde voluptates quia. At deleniti impedit qui doloremque quod velit. Iste sint nihil ut amet rerum eum ducimus.</p><p>Molestias quibusdam ut corrupti deleniti eligendi. Qui magni molestias optio. Pariatur distinctio est deleniti autem.</p><p>Possimus repellendus nesciunt itaque. Quod odit vel nulla rem. Omnis ipsum cupiditate dicta voluptas vitae doloribus ea.</p>', '2019-12-27 13:14:59'),
(34, 34, 'Maya Orn V', '<p>Molestias velit sit voluptatem. Fugiat qui a et ipsum rerum veritatis. Non eligendi eligendi perferendis architecto ullam harum ut. Sint magnam assumenda nobis et ab.</p><p>Voluptas tenetur laudantium iure et et molestiae ipsa. Error aut eos voluptas. Minima in ut officiis delectus. Minus necessitatibus hic vero et rerum perspiciatis.</p><p>Natus vel non culpa placeat libero quo. Neque voluptatem quis facere voluptas repellat hic ipsum.</p><p>Sint est distinctio nobis quos. Error esse qui omnis sequi illo fugit eius. Occaecati facere vitae omnis expedita. Et ea ex autem dolorum.</p><p>Earum aut velit repellat et. Ut quas dolorem soluta laudantium pariatur repellendus. At commodi similique quos voluptatibus itaque.</p>', '2020-01-21 19:45:16'),
(35, 34, 'Stephania Buckridge', '<p>Perspiciatis mollitia aliquam voluptatem fugit. Nostrum dolore consequuntur dolorem atque eos aut.</p><p>Est corporis expedita necessitatibus voluptas quo quidem. Odit autem ut eveniet sunt aut. A commodi aut suscipit fugit molestias accusantium. Voluptatem explicabo rerum voluptatem nostrum. Sit provident dicta minima ullam ea quaerat voluptatem.</p><p>Et quia aut distinctio quaerat expedita qui. Corrupti aut earum earum dolore aut id consequuntur. Veniam minus quia suscipit assumenda quisquam et commodi. Laudantium ea qui enim ut laudantium et.</p><p>Et similique alias aut nam error officia optio. Facilis mollitia est culpa enim. Est impedit rerum voluptas. Deserunt magni vitae et voluptatem.</p><p>Cumque consectetur at dolorem cupiditate velit vel eos. Ex ut sint maiores soluta animi vel sapiente cumque. Excepturi iusto quae corporis.</p>', '2020-04-03 09:09:00'),
(36, 35, 'Abagail Hahn', '<p>Nam inventore corrupti eveniet possimus laboriosam autem omnis consequuntur. Et laboriosam similique suscipit sit. Omnis magnam quo tempore quam in nemo voluptatibus placeat.</p><p>Maiores sed nihil laudantium eligendi vel. Vel occaecati omnis nihil soluta ut explicabo. Omnis reprehenderit ab non ut.</p><p>Facere doloremque porro quo porro porro. Aut error qui vitae quaerat ea praesentium. Perferendis rerum sit consequuntur.</p><p>Reprehenderit assumenda fuga qui autem quidem nihil fugit. Ut laboriosam deserunt sed non. Corrupti error non in odit ea quia. Veniam quia laudantium odio velit debitis. Voluptas mollitia tenetur et rerum blanditiis eveniet magni.</p><p>Sapiente ducimus ipsa numquam velit deserunt qui assumenda. Et rem eos minus atque pariatur. Incidunt sunt consequatur quia placeat quae.</p>', '2020-02-17 07:16:27'),
(37, 35, 'Javier Ledner', '<p>Autem molestias amet numquam tempora optio aut. Dicta unde necessitatibus nihil soluta. In quia voluptas officiis voluptas dolore.</p><p>Adipisci sunt eos repudiandae veniam soluta. Molestiae sunt rerum autem doloremque sapiente quibusdam rem.</p><p>Explicabo natus accusantium blanditiis quis architecto. Reiciendis tempora omnis tempora. Qui adipisci aliquam mollitia et consequatur. Veritatis aliquid in quis aspernatur velit reiciendis.</p><p>Nisi distinctio est quasi nobis et nihil officia atque. Commodi esse sapiente magni dolor. Voluptatibus ipsum autem laboriosam repellat.</p><p>Autem reiciendis voluptatem suscipit nemo. Incidunt ea harum aspernatur est. Numquam aut dolore expedita commodi adipisci repudiandae repellat. Et perferendis amet cumque. Eum dolorem qui fuga omnis.</p>', '2019-12-25 08:58:58'),
(38, 35, 'Prof. Angelica Homenick', '<p>Dolor similique beatae eligendi ea molestias. Adipisci ea sit rem laudantium illo hic numquam aut. Veniam adipisci officiis tenetur et repellendus. Officia itaque vel earum.</p><p>Ipsa doloremque odit rerum omnis alias incidunt. Omnis est culpa vitae ipsum aut iusto laboriosam. Neque autem optio animi repellat possimus quia. Non et et dicta.</p><p>Optio a quis pariatur nam non et. Neque libero sit ut ut quidem cupiditate. Et ut voluptas non voluptatem vitae harum saepe et. Voluptatem molestiae sapiente sit veritatis. Nisi repellat facilis voluptas ea voluptatem dolorem.</p><p>Porro magni qui voluptates qui distinctio. Magnam voluptate unde occaecati iusto. Nobis quis magnam expedita.</p><p>In maxime dolores ullam. Quos soluta voluptas dicta magnam qui iste. Necessitatibus a dicta ut esse accusamus aut molestiae id. Tempora et magni est excepturi voluptas sint qui accusantium.</p>', '2020-02-28 01:53:29'),
(39, 35, 'Lola McGlynn', '<p>Omnis recusandae iure enim voluptatem alias numquam. Omnis consequatur et eveniet possimus aut maiores. Itaque amet voluptate reiciendis veniam voluptas natus. Et eos totam voluptatem dicta quas dolore.</p><p>Sed accusantium autem pariatur quisquam suscipit officia. Quia dolores hic animi nobis et non totam.</p><p>Dolor est totam laudantium et labore eaque. Eligendi eum ex laborum iste unde. Reiciendis repudiandae sequi consequatur ad commodi in ut sit.</p><p>Ut molestiae quae eligendi ut fugiat. Placeat inventore modi quibusdam at sapiente magni. Rerum sunt minima velit et totam deleniti. Fugiat et ab ipsum earum necessitatibus repudiandae.</p><p>Laborum quisquam deserunt consequuntur ut a ad sit. Et corporis iusto ut aliquam. Consequatur nesciunt omnis autem voluptas consectetur.</p>', '2019-12-29 18:42:41'),
(40, 35, 'Ursula Torp', '<p>Est eligendi eveniet amet deleniti. Sunt nam eligendi quidem tempora. Incidunt vel nesciunt aut sed odio magnam ullam quibusdam.</p><p>Illo est provident repellendus iusto non non facere. Cupiditate voluptatem eum sint nihil incidunt eum voluptatem ullam. Tempora doloribus sunt occaecati assumenda aspernatur architecto aut.</p><p>Laborum rerum atque totam. Vitae delectus inventore esse quaerat. Amet reprehenderit laudantium accusantium necessitatibus voluptatum. Assumenda expedita laboriosam temporibus alias in laudantium reprehenderit.</p><p>Repellendus necessitatibus et molestiae facilis. Unde neque odio deserunt voluptatem autem aliquam. Consequatur et qui explicabo facilis autem aut voluptas. Omnis porro eaque voluptas quia.</p><p>Adipisci beatae ut officia suscipit ex reiciendis. Cumque accusantium qui iure excepturi quos dolore consectetur. Aspernatur id iste amet id officiis quis similique.</p>', '2020-02-23 21:55:13'),
(41, 35, 'Juvenal Lynch', '<p>Cupiditate recusandae quae dolores alias doloribus aut itaque nihil. Animi eos facere provident necessitatibus eum autem. Aliquid commodi voluptas voluptatem et saepe. Doloremque non et harum est optio vel.</p><p>Similique quasi quo recusandae rerum qui. Labore illo odio omnis illo neque. Officiis ex rem quod excepturi. Et dolorum fugiat rerum neque qui recusandae aut.</p><p>Amet omnis est et et officiis ducimus. Distinctio perferendis ut totam. Quaerat consequatur vero dolor id qui ducimus. Consequatur architecto aspernatur dolorem ab nihil incidunt. Qui explicabo ut aliquam nesciunt qui harum provident.</p><p>Magni doloremque sapiente facere ipsam necessitatibus quis. Magni consequatur tenetur et illo aut. Debitis consequatur quidem sit vel voluptatem debitis.</p><p>Qui incidunt ut quis explicabo repellendus quia et. Sunt blanditiis quis veniam aut quia. Enim nulla facilis dolor sed dolor. Et placeat maiores natus omnis itaque earum non.</p>', '2020-01-11 14:24:47'),
(42, 35, 'Miss Justine Cruickshank DDS', '<p>Aut et iste hic occaecati harum quod asperiores atque. At et in modi qui. Neque non repellendus repellat inventore cupiditate nulla. Cum et rem itaque quaerat illo.</p><p>Minima eveniet molestias tenetur voluptas fuga quia dolorum et. Inventore in ab doloribus voluptatem esse accusantium. Quia delectus dolore tempore consequatur non aut.</p><p>Sequi ipsam et commodi. Et eos ut voluptas autem. Consequatur iste sit dignissimos est molestiae. Eos reprehenderit voluptatem expedita consequatur. Et odio quia voluptas accusantium.</p><p>Consequatur unde eaque dolore quaerat enim. Ea voluptatem deleniti deleniti et. Vitae quaerat natus quod et. Aut ducimus et enim itaque provident aut.</p><p>Dolorem odio dicta dolore ut impedit illo sit et. Voluptatem qui officia voluptas amet dolor dolorum et. Delectus tempore doloribus commodi ducimus et neque est modi.</p>', '2020-02-21 15:02:19'),
(43, 36, 'Annie Mosciski', '<p>Provident ea iusto sed harum dolor ut dolores. Labore nihil molestiae sit itaque et modi.</p><p>Laboriosam ab dolorem corrupti accusamus. Exercitationem aut architecto laboriosam. Debitis iure et ullam assumenda vero. Dolores voluptatem incidunt ea qui.</p><p>Magni dolores consequuntur soluta dolor unde delectus odio. Harum ut voluptatem dolor. Iure eum temporibus nostrum cumque vel non consequatur. Numquam modi ex ut et repellat provident iusto.</p><p>Porro dolor est sed labore distinctio alias qui. Quasi dolor illum qui consequatur aut dolorem sit. Qui aut dolorem dolorum est voluptatem ut. Magnam est explicabo et architecto voluptas odit.</p><p>Cum aut vel rerum ratione rerum. Modi rem accusantium sapiente inventore corporis odit voluptatem. Sed at sed sit saepe voluptatum ipsam laudantium.</p>', '2019-12-11 16:19:23'),
(44, 36, 'Prof. Scottie Spinka', '<p>Tempore sed ducimus asperiores doloremque. Et ratione ratione repudiandae quia provident omnis.</p><p>Ut est quo maiores et neque nostrum officiis. Qui ut debitis ab in voluptas sunt velit. Aliquam beatae in accusamus repellendus. Deleniti voluptate at temporibus ratione qui.</p><p>Tenetur quod dolorum et qui veritatis rem eos. Et dolore aliquam eaque asperiores occaecati optio. Dignissimos delectus provident quaerat. Animi deleniti vitae error est maxime.</p><p>Voluptatem ut sed id ut ut. In molestias et voluptatem voluptatibus.</p><p>Fugiat ullam ipsa et doloribus minima quis. Est aut numquam repudiandae consequuntur et. Dignissimos exercitationem sed minus.</p>', '2019-12-09 08:53:23'),
(45, 36, 'Allison Reilly', '<p>Ratione et reprehenderit blanditiis praesentium ut pariatur ut. Porro beatae ipsum consequatur tempora eos nihil magni. Impedit asperiores voluptatibus a neque dolores perferendis non ipsum.</p><p>Accusamus expedita recusandae repellat dolor. Iste et possimus sunt soluta eum. Aut perspiciatis est rerum eum dolor. Voluptatibus eos facilis quos et.</p><p>Impedit qui animi earum sunt et ut. Cumque dolores neque nobis aspernatur est ea. Sint omnis expedita est id. Numquam expedita nobis ipsa id et est assumenda.</p><p>Doloribus fugiat dicta adipisci minus aperiam. Corrupti velit architecto sint eius numquam libero debitis. Eligendi sint molestiae quasi quis odio atque ipsa.</p><p>Aut qui nihil ea laborum fugiat et tenetur. Labore aliquam molestiae omnis.</p>', '2020-02-13 23:58:15'),
(46, 36, 'Kacey Grimes', '<p>Iusto sunt voluptatem minima nemo sit ex. Molestiae incidunt aut dolores ipsum et accusantium. Autem non corporis reiciendis ut ratione blanditiis.</p><p>Reprehenderit dolores ipsum rem enim ducimus. Est voluptatum rerum repellat eveniet ut ipsa. Rerum ullam placeat quis ratione doloribus quia. Ut deserunt sapiente nam et inventore qui. In ratione est voluptatibus officia.</p><p>Voluptas quam delectus quia. Doloribus quibusdam incidunt iure. Distinctio at commodi et culpa saepe atque.</p><p>Dolores in aliquid placeat distinctio eum quas tenetur. Consequatur ipsam deleniti excepturi ducimus sunt sint aut. Nihil ut quidem voluptas autem. Voluptatem dolorum error deleniti ipsam quis ipsum corporis. Enim enim non id excepturi quis.</p><p>Sint doloremque illo corrupti vel aliquid. Deserunt et accusamus soluta ipsam. Labore debitis qui enim eligendi nisi odio.</p>', '2020-02-11 03:54:00'),
(47, 36, 'Evert Sporer', '<p>Assumenda animi nemo sit quia rerum non dignissimos omnis. Animi qui dicta id aut eligendi qui. Est nulla est et sit fuga est enim iusto. Laudantium est corrupti saepe quia vero.</p><p>Repellat pariatur quis voluptatem illum officia modi cumque. Unde atque voluptatem modi nisi non repudiandae laudantium. Dolorum non modi optio neque sint. Eum repudiandae dicta maxime sed dolorem nulla.</p><p>Dignissimos molestiae dicta quibusdam ut pariatur dolorem. Enim et culpa quis debitis. Nihil eum voluptas et et voluptas quo eius beatae. Et soluta consequatur reprehenderit magnam.</p><p>Recusandae aliquam veritatis sit aut. Eum non aut vel velit beatae et. Iusto quisquam veritatis quaerat id.</p><p>Alias necessitatibus rerum non ut voluptatem earum. Facilis exercitationem omnis dolor doloribus veniam id quas. Est esse eum repudiandae quia molestiae nisi eligendi. Nihil aut aperiam aut rerum voluptas perferendis.</p>', '2020-04-03 22:29:06'),
(48, 36, 'Roberto Daugherty', '<p>Quasi amet enim doloremque. Asperiores ex mollitia nihil omnis. Minima et nulla sunt. Iste et corporis blanditiis officia harum. Ut error debitis quasi molestiae culpa quae temporibus ducimus.</p><p>Eaque qui sint dignissimos id. Sit aliquam quos voluptatum quia iusto cupiditate omnis. Eos eos qui voluptatum aliquid. Sit ut et autem.</p><p>Hic dolorem quis voluptatem nesciunt. Corrupti necessitatibus ut quia quo eum.</p><p>Explicabo repellendus rerum mollitia deleniti adipisci. Voluptates et rerum laborum quia earum. Possimus adipisci accusamus sunt ut laudantium velit.</p><p>Natus incidunt libero officiis incidunt. Molestias sit nisi illo corporis nihil. Debitis voluptas non sed voluptates. Et id nobis quaerat. Quo ratione cum similique quibusdam animi ut.</p>', '2020-01-11 18:37:39'),
(49, 36, 'Ms. Lenore Williamson', '<p>Dicta autem ipsam deleniti atque eos. Repudiandae maiores cum dolorem. Est voluptas totam architecto quis voluptatem ipsum.</p><p>Sit aut et aut id et. Sint illo voluptates dignissimos id. Eos tempore quis ea quis sit dolor facilis aspernatur. Nesciunt voluptas id aut quam mollitia.</p><p>Perspiciatis dolores hic suscipit iste. Nulla deleniti alias laborum quo. Inventore libero blanditiis fugiat voluptatibus harum et laboriosam. Similique quia culpa est quia odit atque quis eligendi.</p><p>Cum iste praesentium rem at voluptate quas. Ipsam laboriosam molestiae in rem. Consequatur dolorum minima aut consequuntur dolorum veritatis.</p><p>Quis repudiandae voluptas in repellendus recusandae aut. Eum nihil quam id doloribus molestias. Perspiciatis voluptates praesentium maxime adipisci.</p>', '2020-03-04 00:50:29'),
(50, 37, 'Libby Klocko DVM', '<p>Excepturi voluptatem distinctio ut. Et est fuga id quaerat. Aut omnis sed vero sunt doloremque dolorem.</p><p>Accusantium qui eaque quia totam molestias eos. Dignissimos voluptatem ex voluptatibus aut rerum rem.</p><p>Sit maiores porro eum aut modi perspiciatis. Aspernatur unde non tenetur debitis. Et nulla ut illo id earum itaque suscipit commodi. Provident vel ut pariatur ea ut beatae.</p><p>Vel et molestiae aspernatur dolorem quia sunt. Quas maiores maxime voluptatem. Est qui quaerat qui labore natus nihil totam. Possimus et et alias omnis dolorum fuga.</p><p>Aut et nesciunt provident mollitia aliquid et vitae. Consequatur est dolores voluptatem numquam est commodi. Iusto ea et atque aut qui aut. Dolorem itaque doloribus repellendus eum.</p>', '2020-02-03 18:27:15'),
(51, 37, 'Gladys Shanahan I', '<p>Est est quis labore. Qui aliquid eum doloremque. Sed aliquid velit nostrum cupiditate.</p><p>Quis sunt sit accusantium quia nam voluptatibus. Cumque voluptatem quidem impedit qui ea. Laborum minus veniam ipsum accusamus odit id animi rerum. Necessitatibus architecto est fuga.</p><p>Asperiores adipisci consequuntur praesentium ut praesentium quis aut. Voluptate vel et error optio. Ut dolor neque eius ratione necessitatibus aut et.</p><p>Eum architecto odit veritatis et. Laborum non quaerat corporis qui eius aut veniam iure. Beatae qui aut fuga assumenda minus. Animi eius rerum quidem ad omnis.</p><p>Corporis sapiente nemo et in iusto. Neque aspernatur aut iste sequi laudantium officiis rem hic. Nobis earum vero enim sint. Ut tempore iste officia vero vero illum.</p>', '2020-03-16 10:43:32'),
(52, 37, 'Breanne Ankunding', '<p>Voluptatem sunt est consequuntur molestiae quo sunt commodi autem. Distinctio accusantium nihil incidunt et id quae ex quis. Qui corrupti sequi voluptatem in sed fugiat ratione. Eum ut ipsum sit incidunt veritatis qui. Iusto porro corporis ducimus sapiente facilis.</p><p>Harum dolor non consequatur consequuntur cumque. Iure placeat non reprehenderit adipisci illo nihil aut.</p><p>Et iste repellat veritatis voluptatibus minus vitae id at. Id et totam molestias et ipsum. Laborum accusamus et modi exercitationem. Id placeat repellat velit iusto eum. Aut quasi minima quos molestias deserunt temporibus asperiores omnis.</p><p>Harum voluptatibus id aut rerum dolorum quis. Aut blanditiis rerum ut repellat ullam et. Quo et voluptatem dolorem fugiat sint quasi. Non voluptatum iure ut aliquam. Consequatur quia aspernatur error quasi.</p><p>Ducimus omnis et et modi officia. Soluta nulla iste culpa veritatis voluptatem voluptates accusamus. Officiis repellat sed dolorum numquam impedit. Magni corporis velit ut voluptatem dolorem praesentium ipsam.</p>', '2020-03-25 11:25:17'),
(53, 37, 'Myrtis Bednar Jr.', '<p>Sunt quisquam adipisci pariatur et. Corrupti ut corporis molestias. Voluptas minus earum blanditiis ea accusantium in aut.</p><p>Placeat doloribus ut ea cumque iusto sint. Quae atque cupiditate odio nihil. Quia et laudantium repellat repellat.</p><p>Architecto consequatur consectetur esse ut. Modi sed nesciunt veniam esse et velit veritatis ut. Et eum et et illo autem ea. Est quaerat ea architecto quidem est.</p><p>Ratione et exercitationem quos beatae nostrum nostrum. Qui labore sed ipsam. Non iste placeat cumque placeat est. Aspernatur asperiores sint sit cum eveniet qui neque. Adipisci atque quia incidunt ut vitae rerum.</p><p>Ullam voluptas delectus iusto soluta enim qui. Reiciendis expedita voluptas eos ut exercitationem non deleniti. Animi nulla iure consequatur inventore sint quod.</p>', '2020-03-13 15:16:05'),
(54, 37, 'Dr. Sim Beer MD', '<p>Maxime consequuntur est fuga perspiciatis. Laboriosam atque sit explicabo dolore dolor voluptas qui. Sequi iure facilis et voluptatem molestiae eligendi. Quis similique consequatur voluptas velit nulla recusandae consequatur sed.</p><p>Sint explicabo dignissimos ut veniam necessitatibus quasi. Nihil ipsum culpa animi atque quia ad ipsa. Qui enim sequi provident facere minima velit dolorum voluptas. Fugit sint commodi est quas aperiam est.</p><p>Pariatur voluptatum laborum eligendi omnis placeat quo ullam. Est nam pariatur enim quo nesciunt laboriosam. Eos rerum commodi quod eius in quo. A et occaecati velit aut incidunt quasi.</p><p>Nobis sunt quaerat adipisci. Nihil necessitatibus et iusto nesciunt accusantium molestiae assumenda. Voluptas dolores et dolores est repellendus. Aut non ipsa nisi porro ex vel optio quis.</p><p>Consequatur aut doloremque cupiditate sint accusamus dolores. Tempore sapiente inventore vel voluptatibus quasi quidem mollitia. Accusantium inventore in et aliquam sed autem. Ea voluptatem facilis quia porro eligendi odio.</p>', '2020-02-27 16:23:45'),
(55, 37, 'Dr. Webster Schaefer', '<p>Sunt dolorem fugiat praesentium dolores eaque fugiat facere. Illum mollitia atque modi enim. Corporis molestiae itaque occaecati. Facilis velit omnis sequi aut nihil alias quo.</p><p>Voluptas ducimus tempore iusto dolorem qui ipsa consequatur. Iure dolorem repellendus culpa voluptas asperiores. Quasi quis neque nam rem cum. Sit libero repellendus sed ea ea tempore.</p><p>Quia optio eveniet voluptatem numquam in et praesentium. Et vero excepturi nesciunt tempora consequatur ipsam voluptates. Expedita ut tempore fugiat sunt vel.</p><p>Ut eum excepturi vel soluta quasi quibusdam hic odio. Itaque aut porro consequatur incidunt explicabo doloremque. Impedit tempore aut reprehenderit eum. Nemo tenetur velit perspiciatis.</p><p>Perferendis corporis quia provident veniam. Ipsum beatae sequi sit repellat repellat. Aut vero cum et minus. Dicta facilis modi ad magnam quia expedita asperiores. Saepe ut reiciendis quasi reprehenderit.</p>', '2020-03-05 06:39:45');
INSERT INTO `comment` (`id`, `article_id`, `author`, `content`, `created_at`) VALUES
(56, 37, 'Cordelia Hilpert', '<p>Nam natus vero occaecati magni. Dolorem quis deleniti excepturi ad.</p><p>Et consequuntur accusantium magnam nulla asperiores. Illo cumque tempore voluptas. Corporis qui adipisci ipsam distinctio.</p><p>Unde facere earum et maxime aut minima aut. Commodi et in sunt provident natus consequatur consequatur. Libero ipsam tenetur eius minus molestiae fugit ratione ut.</p><p>Fugiat delectus asperiores et qui ad occaecati eveniet enim. Aut dolores aperiam ut ut voluptas tenetur. Facilis consequatur vel officiis eum quidem voluptatibus.</p><p>Cupiditate et consequatur amet quae. Ipsa sequi est officiis minima. Non sit enim veniam dolor voluptates. Unde at quidem incidunt iusto.</p>', '2020-01-24 07:58:18'),
(57, 37, 'Sigurd Fritsch', '<p>Nostrum ut voluptatem illo laborum consequatur tempora consequuntur ducimus. Unde est atque dolores suscipit non adipisci. Dolor porro temporibus dolor voluptatem adipisci ratione repellendus deserunt.</p><p>Officia praesentium consequuntur rerum molestias delectus praesentium qui. Blanditiis iste aspernatur aut saepe dolores veritatis. Ut labore magni et nihil provident minima aut.</p><p>Amet atque rerum aut ipsam in sunt. Repellat hic laudantium quod odit harum. Ducimus eligendi corrupti consequuntur voluptates non fuga qui similique. Fugit nobis voluptas dolorem ullam optio quia eveniet. Recusandae iure impedit veniam accusantium ipsum.</p><p>Est modi est expedita possimus pariatur repellendus. Qui at laborum repellendus amet.</p><p>Repudiandae dolorem at qui quisquam ad dolores doloribus quos. Vero similique dignissimos deserunt alias assumenda earum placeat reiciendis. Deserunt commodi aut perspiciatis debitis tempora magnam. Nemo sunt cumque ut quibusdam quae id distinctio exercitationem.</p>', '2020-03-14 20:16:15'),
(58, 37, 'Sebastian Wolff', '<p>Perspiciatis officia vel consequatur et esse necessitatibus. Architecto alias earum numquam quos fugiat eos. Ad molestias quisquam eius.</p><p>Ipsam et nesciunt quia aut accusantium sunt rerum. Nihil consequatur dignissimos possimus amet maxime id. Nisi et sint quae.</p><p>Et est aliquam ut adipisci numquam natus dicta maxime. Asperiores quam aut odit corporis ad accusamus veniam. Iure dolor delectus eaque deleniti non sit.</p><p>Totam at corrupti voluptates eum autem. Blanditiis voluptatibus et omnis voluptates rem. Sint tempore non eum atque quia nisi nobis. Facilis odio vero qui molestiae optio a.</p><p>Vero praesentium natus voluptas sunt ea voluptate tenetur. Ex ut earum eveniet incidunt explicabo fuga. Consequatur amet eos rem.</p>', '2020-03-04 21:02:03'),
(59, 38, 'Karina Hackett', '<p>Praesentium facere dolore enim est quos earum. Eius maxime quam ratione voluptatem sint expedita deleniti. Laboriosam molestias ex ullam voluptatem voluptatem corporis incidunt id.</p><p>Laboriosam est voluptatem natus dolor. Ut molestiae vel dignissimos nostrum modi sunt saepe. Officia inventore qui voluptatem dolor quasi.</p><p>Explicabo maiores itaque corporis distinctio possimus est. Dolore corrupti voluptatum voluptate accusamus. Repellat dolorem qui et possimus.</p><p>Reiciendis non deserunt sint nesciunt eaque. Vero hic asperiores molestiae animi harum corrupti quia. Commodi aut sit et autem.</p><p>Odit illum id qui incidunt. Qui veniam in optio repellat saepe blanditiis repellendus. Iste consequuntur itaque saepe iure aliquid recusandae est.</p>', '2020-02-11 08:13:37'),
(60, 38, 'Easter Hayes I', '<p>Dolor recusandae sunt facilis aliquam esse. Cupiditate hic similique veniam consectetur. Omnis optio odit dicta dolores earum et.</p><p>Iure eveniet omnis molestias et. Reprehenderit quia magni ullam consequuntur eum aliquid molestias. Deserunt blanditiis sapiente saepe qui amet ut magnam.</p><p>Nihil tenetur suscipit omnis excepturi quas. Iure reiciendis neque unde sed impedit. Qui eos aut deleniti suscipit est.</p><p>Maxime ut commodi ducimus sunt dolorem labore. Cupiditate officia inventore ut qui sit ipsam. Libero laboriosam provident laboriosam quas ipsam modi esse. Neque qui quisquam sapiente perferendis.</p><p>Harum quo hic eveniet doloribus. Odio quos ex odio nisi amet optio culpa. Voluptatem neque et et doloremque in et consequatur aperiam. Id cum optio vero sed ea quidem.</p>', '2020-03-14 13:45:58'),
(61, 38, 'Etha O\'Conner IV', '<p>Qui qui deleniti sequi. Expedita a vitae quo voluptatibus culpa nihil. In dolor ipsam accusantium repellendus et rerum veritatis. Explicabo aut sunt iure laboriosam rem quae sit vitae.</p><p>Omnis aspernatur laboriosam qui modi ipsa quis vitae. Magni explicabo aut hic et corporis dolores ab. Deleniti cupiditate expedita eos.</p><p>Amet et iste labore vero cum. Vel occaecati eligendi culpa et omnis doloremque omnis. Sed sed fuga voluptas qui laudantium quo ipsam. Facere eius hic veniam dolor quo unde.</p><p>Voluptas id amet harum eveniet non. Culpa ad in perferendis quia. Eum labore officia autem nesciunt soluta atque. Nulla veniam porro et corporis.</p><p>Rem cum iure ducimus sint saepe ut. Ipsam nulla molestias veniam aut ut. Molestiae beatae nam ut ipsum. Voluptas repudiandae eius laudantium ut. Odit assumenda ut sed ipsa.</p>', '2020-03-15 15:18:03'),
(62, 38, 'Mr. Leon Nader', '<p>Illum temporibus reiciendis cumque quia. Enim illo vitae voluptatem fuga. Labore esse et ipsam odit id et. Non sed soluta perspiciatis accusamus eos modi officia saepe.</p><p>Quis nesciunt possimus porro. Rem quis ducimus qui esse non voluptatum quas. Est ipsa enim illo ut.</p><p>Eveniet consequatur sit reiciendis ipsum. Voluptatem sint est sequi repellat blanditiis et sint. A corporis quibusdam enim et sunt quisquam quo.</p><p>Dolor ullam unde sequi voluptatum et. Sunt iste iure enim itaque perferendis ut suscipit. Et fugiat quod soluta quos libero ipsam. Eos fugiat corrupti dolores magni fuga.</p><p>Aspernatur vero vero tenetur vel voluptatem eum. Commodi ipsum quam molestiae eaque. Earum est molestiae qui aperiam.</p>', '2020-02-11 23:43:33'),
(63, 39, 'Carlos Mitchell', '<p>Odit voluptatem omnis ut labore sit consequuntur aut. Non rerum cumque eum quasi aut velit impedit tenetur.</p><p>Voluptatibus in nesciunt non qui sit voluptas et. Officiis quae mollitia delectus enim.</p><p>Saepe fugiat voluptas impedit sed. Consequuntur et quia enim deserunt et. Recusandae ut libero voluptatibus perspiciatis adipisci earum rerum. Velit omnis odio nihil.</p><p>Ut dicta architecto minima ullam ipsam amet quo. Non et qui qui explicabo magni vel dicta ut. Illo excepturi doloribus facere culpa velit.</p><p>Ut vel quisquam et assumenda molestiae doloremque occaecati. Et est nobis voluptates. Non et earum dolores eos quo error. Possimus repellendus molestiae delectus sed explicabo eveniet.</p>', '2020-01-17 21:10:53'),
(64, 39, 'Heidi Borer V', '<p>Tempora veniam quas magnam maxime. Temporibus ut eum laboriosam. Porro sit sint minima dignissimos ab.</p><p>Quo qui et laudantium id expedita molestiae dolor. Et et natus autem mollitia. Minus sit ut ipsum saepe quia.</p><p>Ea facilis nulla dolorum eius mollitia minima. Quia necessitatibus vero suscipit dolorem et.</p><p>Et velit veniam sed blanditiis omnis est perferendis. Aut autem eos sapiente molestiae nobis et. Debitis cumque et et. Est soluta rerum aperiam a quos aut.</p><p>Corporis animi consequatur ullam facere beatae. Quae eos quaerat necessitatibus doloremque. Ullam numquam maxime dolorum quam expedita culpa saepe. Labore laboriosam laudantium in omnis exercitationem saepe velit.</p>', '2020-01-23 23:58:58'),
(65, 39, 'Friedrich McLaughlin', '<p>Praesentium rerum quo assumenda error sapiente. Ullam dignissimos ullam autem fugit. Excepturi quia est sit magni sunt qui nobis aut.</p><p>Accusamus ratione hic dicta voluptates sit. Ea laudantium quisquam aut totam. Et magnam corrupti veniam eos perspiciatis molestiae. Neque distinctio aliquam est.</p><p>Officia qui dolor maxime aut sint quis et. Molestiae est illum perferendis sed omnis. Dolorem inventore modi doloribus nesciunt velit voluptatem delectus nesciunt. Nihil sit nesciunt assumenda aliquam quas nihil. Modi sed sunt laborum adipisci sit ut.</p><p>Nihil aut ut quod minima. Aut quia non aut aut voluptatem. Eligendi enim blanditiis omnis deserunt delectus. Facilis explicabo ratione rerum autem maiores. Numquam omnis ducimus quia commodi ut nostrum.</p><p>Dolorum dolore qui sed non repudiandae. Quaerat velit voluptas eveniet quis qui ullam.</p>', '2020-02-18 03:48:11'),
(66, 39, 'Dahlia Bernhard', '<p>Alias quibusdam aut quia sit illum eos. Autem et dolores ut modi numquam odio illo. Repellat eaque distinctio ratione et velit voluptas ea.</p><p>Laborum at dolores atque. Iste nemo fugiat tempora autem rerum eaque. Sit quo id molestiae eum voluptas. Et dicta tempora mollitia explicabo itaque consequatur deserunt.</p><p>Dolores optio non asperiores. Nam eos temporibus est voluptas perspiciatis voluptatem alias. Qui sint cupiditate cumque. Error cupiditate perspiciatis dolores itaque officia voluptas labore ullam.</p><p>Dolorem nisi cupiditate blanditiis qui suscipit. Qui mollitia corporis rem. Necessitatibus aut qui natus deleniti. Ipsa ad est hic aperiam tempora.</p><p>Illo id occaecati quae voluptatem nemo. Temporibus unde enim non. Architecto soluta labore ab veritatis eius dolorum. Aspernatur voluptatem occaecati sunt maiores a.</p>', '2020-03-14 13:32:24'),
(67, 40, 'Van Grant', '<p>Inventore nulla quo voluptas ipsa modi sed. Nobis eos doloribus enim. In nihil quia atque repellat voluptatem ut enim.</p><p>Magnam numquam qui id quia placeat ut et. Ipsam hic harum beatae molestiae saepe consequatur.</p><p>Dolores consequatur est in id ratione voluptatum ut. Error reprehenderit quo nostrum aut. Et voluptatem aspernatur qui unde rerum tenetur. Et consequatur cum dolorum modi reprehenderit.</p><p>Placeat aut architecto aut sit. Ipsa consequuntur aliquam ratione placeat adipisci. Quaerat voluptatibus facere iusto magni earum molestiae earum consequatur. Vitae atque voluptas modi odio quia veritatis officiis.</p><p>Rem dolorem nihil nisi voluptatem. Laboriosam laboriosam quia voluptatem error aut. Qui non odit in in tempora consequatur. Accusantium rerum totam et error laudantium occaecati assumenda nulla.</p>', '2020-03-19 21:49:38'),
(68, 40, 'Maggie Schaefer', '<p>Dolor hic maxime harum harum laborum animi assumenda. Voluptate quae quae modi autem est quia molestiae. Animi omnis consectetur consectetur cupiditate temporibus enim.</p><p>Soluta architecto voluptas placeat natus tempore eos qui. Voluptatibus laudantium non ratione ratione qui suscipit.</p><p>Labore unde quam fugiat. Est quam mollitia natus totam. Ut accusamus sit tempora voluptas accusantium qui sequi animi. Rerum eum officiis enim eligendi et ipsam illo ut. Fuga consequatur facere voluptatum deleniti fugit id qui.</p><p>Labore corrupti autem nemo ducimus quisquam molestias. Et dolor commodi autem iusto in repellat et ipsa. Cupiditate rerum sed nulla ut ut. Quis nihil aut est id accusantium earum.</p><p>Minima saepe consequatur cupiditate nobis rem ut maiores. Aut quae totam tempora magnam est voluptatibus et. Placeat quidem facere molestiae a sed necessitatibus. Voluptate perspiciatis eum rerum minima.</p>', '2020-03-06 01:32:30'),
(69, 40, 'Danielle Cummerata', '<p>Autem at quia dolor maxime quam consequuntur. Est nostrum alias voluptates libero reprehenderit laborum. Harum ducimus eos tempora ratione sunt eaque saepe.</p><p>Corporis numquam sunt et soluta aliquam sunt. Est molestiae soluta nisi tenetur ut et. Est facere eos veniam maiores dolor explicabo perspiciatis.</p><p>Ea est quia aut explicabo vero. Eos dolore eum enim vero architecto praesentium vitae omnis. Dolor dolore eveniet ad enim odit accusamus. Atque et pariatur animi quam corrupti sed necessitatibus.</p><p>Neque ut qui vel ad dolorum velit. Et eos quia et occaecati at cum. Quisquam reprehenderit temporibus dolores facilis. Voluptatem nemo ut voluptatem suscipit inventore blanditiis animi. Vel est deleniti quia velit.</p><p>Laborum sint veniam est rem voluptatem accusantium. Impedit dolore quo quas voluptas.</p>', '2020-03-15 04:53:48'),
(70, 40, 'Trace D\'Amore', '<p>Officia aut vel doloribus ea nesciunt. Repellat amet est placeat et animi aut autem. Amet sint tempore esse ratione.</p><p>Vel atque ad sapiente quod inventore repellendus. Quia enim occaecati placeat. Id ducimus sunt atque quia. Eum tenetur esse suscipit labore quia assumenda aut tempora.</p><p>Dolorem sapiente id iure consequatur. Et laboriosam dolor quaerat consequatur modi possimus. Ea enim sit cupiditate eos accusantium. Deserunt omnis quod consequatur voluptatem soluta minima sint unde.</p><p>Ratione pariatur eum quia non et modi. Vel a ratione illo architecto ratione nihil. Ad vel dolorem omnis doloremque. Vero nihil quam pariatur doloremque temporibus voluptatem ea doloremque.</p><p>Enim pariatur saepe nam dolor culpa ut hic at. Aut non ut sed numquam sapiente incidunt perferendis et. Quis voluptatum voluptatem sapiente in labore sequi. Facere voluptatibus quod vel perspiciatis minima.</p>', '2020-03-03 02:56:39'),
(71, 41, 'Don Strosin', '<p>Illum ipsa expedita quam ut eius. Soluta enim necessitatibus sed sapiente. Consequuntur recusandae aut ut sed.</p><p>Et qui fugit animi et harum. Pariatur ut incidunt corporis suscipit reprehenderit. Voluptatem accusamus quis vel voluptatem. Dicta expedita excepturi libero animi quidem ipsam alias consequatur.</p><p>Maiores aut sed quia libero. Nulla quis earum quo architecto consectetur in corporis. Omnis vero nisi et aliquam. Ut natus nesciunt sequi iste pariatur impedit voluptatibus eius.</p><p>Necessitatibus facere facere explicabo est rerum ad. Ipsa ratione quia et autem cum dolorem. Voluptas ea natus consequatur vel. Autem eius perspiciatis voluptatum eos ipsum ut pariatur.</p><p>Nemo voluptates asperiores quidem quia repellendus at ipsa et. Aspernatur atque quis totam qui sit tempora amet. Error quaerat saepe ut cum eius est impedit. Sequi vel optio vel.</p>', '2020-01-11 14:44:44'),
(72, 41, 'Prof. Domenica Roberts', '<p>Perspiciatis occaecati saepe autem molestiae. Est quis sint odio aut nam possimus. Perspiciatis illum aliquid necessitatibus architecto.</p><p>Itaque assumenda deleniti et ipsum qui tempore natus. Doloremque quia non alias recusandae velit maxime eum. Dolores autem maiores sit voluptatem est sint delectus dolores.</p><p>Et eum itaque et accusamus. Nobis omnis molestias dolorum. Occaecati ad aut unde est.</p><p>Quia ab fugiat est dolorem ipsa architecto voluptatem. Nihil pariatur voluptatem animi incidunt. Non occaecati enim voluptas sed voluptas repellendus eveniet officia.</p><p>Ut fuga perferendis cum autem est provident ab. Repellat beatae id soluta quam explicabo adipisci. Delectus labore est dolor iusto. Nemo inventore dolorum mollitia est culpa iure.</p>', '2020-03-25 01:53:21'),
(73, 41, 'Prudence Hettinger', '<p>Numquam et atque neque facere. Nulla quos aperiam corporis nam voluptate accusantium. Qui cupiditate fugiat molestiae. Ducimus inventore qui aliquid possimus sunt quis ea.</p><p>Consequatur corrupti voluptatibus animi neque. Debitis ut consequatur ea quo vero.</p><p>Quae architecto voluptate est non. Reprehenderit vitae corporis ut maiores. Placeat accusantium expedita ipsam molestiae est. Sapiente magnam rerum excepturi impedit sit.</p><p>Asperiores est voluptatem itaque enim. Sit accusantium rerum id sint est dolores. Et eaque autem cumque blanditiis delectus aut sed. Tempora eos dignissimos reprehenderit sit quo nulla ea.</p><p>Distinctio soluta veritatis et quidem aut. Vel incidunt provident corporis beatae et sit. Exercitationem saepe asperiores eum possimus enim libero eum illum. Minima officia doloremque cupiditate a soluta sint.</p>', '2020-01-18 07:28:00'),
(74, 41, 'Ms. Stella Heaney III', '<p>Id ea natus dolorem voluptate. Sint expedita sed assumenda perferendis.</p><p>Natus iure deserunt inventore nam aliquid dolor. At dicta et autem voluptatem architecto exercitationem itaque non. Neque tenetur et rem ratione dolorem deleniti sed.</p><p>Laboriosam esse molestiae eum molestiae odit. Ullam doloremque amet occaecati et. Aspernatur qui occaecati autem ipsam nostrum totam. Occaecati expedita repellendus et facere enim sequi saepe.</p><p>Quis sequi fugit consequatur perferendis. Fugiat est et consectetur pariatur quas in voluptatem. Consequuntur non debitis explicabo.</p><p>Voluptas nostrum et rerum tenetur. Est aut quam tempore provident molestias. Omnis vel voluptas velit fuga. Asperiores dignissimos sunt totam autem ducimus sit dolor.</p>', '2020-02-25 23:56:52'),
(75, 41, 'Elmer West', '<p>Voluptate autem occaecati et saepe saepe dicta hic. Ut ipsam et debitis excepturi consectetur velit. Similique voluptas quis quam officiis.</p><p>Soluta occaecati pariatur aperiam. Est labore laudantium dolores sit reprehenderit ut tempora in. Sed qui qui dolores velit nulla. Repudiandae et sint eos est ducimus est aliquam.</p><p>Et suscipit temporibus ex. Velit et non dignissimos velit. Quis a sint nam labore et et enim maxime.</p><p>Aut impedit et laboriosam et nisi. Vitae recusandae qui id iste laudantium qui quis. Consectetur sapiente et quidem eligendi ut ut quidem.</p><p>Et autem doloribus non sint. Illum illo et sapiente ipsam nihil reiciendis. Qui voluptas ea omnis exercitationem quis est.</p>', '2020-01-24 01:15:58'),
(76, 42, 'Sigmund Wolf', '<p>Nemo architecto et itaque ut voluptatem qui eum recusandae. Culpa eum id provident accusamus. Rerum et voluptas temporibus voluptates porro debitis eos voluptatem. Voluptas et tenetur consequatur delectus earum velit molestias sunt.</p><p>Odit aspernatur quis sed tenetur beatae. Dolorem cum soluta enim neque. Aut aliquid in provident sunt qui modi inventore. Atque possimus eos dolorem natus aut quos.</p><p>Porro quos dolorem labore ex facilis est. Accusamus iusto aut perferendis iure enim inventore est eaque. Officia illo asperiores fuga sit omnis ullam.</p><p>Tenetur blanditiis sit quam nemo repellendus. Dolorum animi expedita beatae non officiis.</p><p>Sit et distinctio minima fuga sed quaerat sequi. Excepturi reprehenderit et rem natus nostrum dolorem adipisci. Officia rerum magnam non atque. Autem et est porro beatae excepturi consequatur.</p>', '2020-03-21 04:27:38'),
(77, 42, 'Prof. Amparo Hermann', '<p>Ad sed non fugiat cumque. Veritatis delectus laudantium libero aut. Voluptatum voluptatem ea ipsum veniam.</p><p>Quidem nisi ut repellendus. Omnis vel ipsum blanditiis et deserunt dolorem consequatur. Alias magnam amet atque qui ab unde numquam. Aliquam esse eligendi corrupti cumque.</p><p>Autem dolor iusto rerum modi. Laboriosam et officiis est quia est eius dolores alias. Et omnis eos voluptates aut quia atque ut. Et sapiente qui dolor.</p><p>Ad totam sit unde recusandae nisi natus. In laborum eum est numquam repellat. Voluptatibus qui aut quia cumque placeat qui. Tempore voluptas ad animi ab. Qui sed voluptatem esse tempora temporibus.</p><p>Maxime quia est sed rerum facilis. Repudiandae dolorem sunt cupiditate ut maxime. Culpa quisquam voluptas et quis.</p>', '2020-03-14 02:49:05'),
(78, 42, 'Fatima Larson', '<p>Velit et delectus rem sed dolor voluptatem unde. Totam fuga voluptates a. Fuga non quasi qui qui labore. Veritatis alias voluptatem est facere sunt facere.</p><p>Ut id deserunt nemo commodi molestiae est architecto. Sequi impedit iste voluptatum at molestiae nisi. Rerum ut beatae perspiciatis corporis cumque aspernatur consequatur. Ab nam ea consectetur modi repudiandae recusandae doloribus numquam.</p><p>Eum non fugit facilis nam voluptatum magni. Error at magnam est quia aut. Quaerat voluptatem rerum cum repellat reprehenderit.</p><p>Blanditiis similique voluptatem quasi natus quis. Dolorum iure ipsum amet laborum assumenda reiciendis. Quia cupiditate cumque sint quos aut.</p><p>Et ea et aspernatur deserunt officia et ea id. Eaque ut ut voluptas harum molestiae. Assumenda deserunt et sit fugit qui dolores.</p>', '2020-03-09 23:33:51'),
(79, 42, 'Eleonore Mante', '<p>Eum eos vel et omnis. Dolorum molestiae in beatae est consequatur et quia cum. Voluptatem et deserunt molestiae modi omnis neque ea. Dolor reiciendis voluptatem hic ipsum qui.</p><p>Qui necessitatibus voluptas quo consequatur nemo illum omnis. Aut maiores commodi dignissimos sed ipsum. Voluptatem laudantium dolores ut animi quidem ab dignissimos enim. Error magnam velit amet mollitia.</p><p>Error optio repellendus doloribus. Omnis accusamus praesentium inventore cum architecto.</p><p>Facilis laborum at vel recusandae nihil recusandae. Est natus est atque eius.</p><p>Atque ea commodi non et. Voluptas vel tempora ut omnis. Quod dolore autem itaque explicabo velit corporis ut.</p>', '2020-03-26 14:07:48'),
(80, 42, 'Amparo Altenwerth', '<p>Totam magni minus nihil pariatur praesentium. Voluptas aut et aut. Modi consequatur natus sint dicta quod distinctio.</p><p>Qui dolorum illo odit dolorem inventore aspernatur. Ut autem consectetur voluptates quae ex.</p><p>Officia nulla neque repudiandae aperiam ut eos culpa. Eos quibusdam non est libero. Molestias ab quo quaerat provident. Voluptatem est minus alias quod.</p><p>Est voluptates laudantium dolorem. Ut harum rerum excepturi odio perspiciatis inventore et. Aut sint eum placeat atque.</p><p>Ut voluptas aspernatur voluptate dolore repellendus eos nobis. Repellat sunt deleniti aut nihil quia ipsa qui. Reprehenderit ducimus molestias veritatis hic sit harum.</p>', '2020-03-23 18:14:45'),
(81, 42, 'Mr. Trystan Crona DVM', '<p>Voluptas fugiat quam eos dolore. Aut praesentium maxime quaerat laborum nemo similique deserunt consectetur. Eum expedita voluptates laborum consectetur. Illum quia aut harum et atque.</p><p>Aspernatur non quidem reprehenderit est ut quae. Repellendus quos voluptas ut sit illo fugiat. Beatae doloribus reiciendis dolor consectetur commodi enim sed. Occaecati sint dicta quia quia.</p><p>Minima sint vitae expedita qui. Quasi incidunt temporibus nemo aut culpa ipsa. Eos necessitatibus libero expedita tenetur dolores porro. Et aut consequuntur a laboriosam tempore debitis maiores.</p><p>Rerum ullam sed asperiores qui suscipit natus. Omnis voluptates a voluptates cumque. Corrupti non cupiditate molestias corporis.</p><p>Beatae dolore fuga quo earum eaque et ea quo. Quia labore quia aperiam alias quia magnam rerum impedit. Nulla deserunt sit cum qui quia culpa inventore.</p>', '2020-03-16 13:32:23'),
(82, 42, 'Ora Nikolaus Jr.', '<p>Placeat provident sequi quos culpa. Blanditiis expedita omnis tempora non nam aperiam. Unde reiciendis ad expedita laudantium ad.</p><p>In est dolore perferendis cum unde. Omnis ipsa aliquam nihil. Explicabo autem reprehenderit ut sit ducimus sed. Non enim dolor officiis voluptas aut inventore dolorem et.</p><p>Eos tempora voluptas eum. Vel aut veniam necessitatibus sit accusantium quas et excepturi. Veritatis magnam voluptatibus voluptatem at voluptate numquam. Dicta ut reiciendis placeat saepe autem optio.</p><p>Sed explicabo illum aut quas aut nemo delectus. Enim exercitationem temporibus placeat ut. Accusamus harum voluptatem sit error dicta aut. Ad error in eos impedit et.</p><p>Ipsa eos nostrum ullam nemo rem veniam nam esse. Sint voluptas qui quibusdam soluta soluta. Aut quidem repellat reiciendis blanditiis molestiae enim.</p>', '2020-04-03 16:46:26'),
(83, 43, 'Mariano Flatley', '<p>Omnis architecto quod aliquid dignissimos rerum. Veritatis animi quidem autem nihil. Ex error qui in iste fugiat nihil.</p><p>Dolor non quo sint soluta et et voluptatem. Ut in at praesentium officiis voluptatum voluptas.</p><p>Ratione officiis ut nisi consequatur tempore. Quos est quae voluptas delectus. Molestiae commodi aut consequatur neque temporibus laborum.</p><p>Et fuga corrupti error pariatur autem nihil. Ex possimus eum laboriosam fuga deserunt vitae veniam non. Porro sed autem beatae eos doloremque iure nisi nisi. Explicabo maiores deserunt sed voluptatem alias dolores sapiente magnam.</p><p>Assumenda ipsam dolores ipsum. Adipisci aut sit suscipit alias excepturi culpa ab. Cumque unde iusto id consectetur ut nemo. Ad nostrum rerum et quam pariatur laboriosam ut.</p>', '2020-02-07 01:51:50'),
(84, 43, 'Ms. Christy Upton IV', '<p>Sequi ipsa et consequatur cupiditate nam inventore. Eos consequuntur ut dolorem aspernatur ducimus voluptate. Aliquid est consectetur sed cum. Quas suscipit nostrum in similique dignissimos iusto exercitationem.</p><p>Doloribus voluptatem ipsa cumque qui veniam ex. Laborum saepe voluptatem aliquid saepe consequatur. Explicabo velit quis ad. Deserunt non rerum expedita. Harum et consequatur at quo et odit sed sint.</p><p>Quidem quo non voluptatem omnis itaque. Velit laboriosam et iste tenetur voluptatibus.</p><p>Soluta consequuntur enim dolore enim quas molestiae qui similique. Autem autem suscipit ipsum et et laboriosam. Pariatur cupiditate nesciunt aliquid hic porro.</p><p>Architecto cum nostrum officiis maiores. Libero placeat aut id veritatis ducimus velit molestiae. Neque suscipit sint voluptates porro ut.</p>', '2020-04-07 14:27:53'),
(85, 43, 'Dr. Greyson Toy', '<p>Vel facilis fugit ipsa officia nobis iusto. A deleniti velit sapiente expedita facilis. Ea ratione voluptas officiis delectus.</p><p>Ut numquam sed qui est sed. Optio vel aliquid possimus facilis. Delectus quas dolore provident quasi omnis fuga dolorem. Non vero et sint vel.</p><p>Aut cupiditate amet eos corrupti quo vero. Distinctio quo aliquam voluptas officiis repellendus provident alias et.</p><p>Impedit quod deleniti ipsum sunt libero consequatur. Omnis quibusdam tempore blanditiis dolor. Ut nihil vel fuga eligendi.</p><p>Id natus deleniti quos et tempora qui cupiditate. Id nam velit exercitationem voluptatem. Hic est animi recusandae suscipit.</p>', '2019-12-02 20:34:12'),
(86, 43, 'Dolly Christiansen', '<p>Cumque consequuntur eum ipsum quia id. Consequatur ullam aut recusandae atque sint sequi. Rerum inventore est consectetur minima quisquam est. Sequi id et fuga facilis iusto.</p><p>Quia necessitatibus laborum corrupti ut nobis et et assumenda. Omnis facilis porro ea atque ut est. Natus quae expedita totam et.</p><p>Sit est quia sint asperiores. Illo aliquid enim accusamus eius voluptatem officia architecto. Voluptatem velit expedita sint cum error asperiores et. Unde officiis recusandae a id amet deleniti.</p><p>Necessitatibus velit exercitationem saepe nobis aliquam delectus. Officia inventore sapiente necessitatibus. Repellendus omnis labore accusantium est soluta. Animi et maxime quisquam sint sequi. Porro qui perspiciatis voluptatem quis sed animi debitis.</p><p>Deleniti repudiandae voluptatem provident omnis quae aut. Inventore atque magni molestiae alias inventore. Veniam quibusdam vel suscipit est. Excepturi sunt voluptatem qui.</p>', '2020-01-17 05:28:08'),
(87, 43, 'Estelle Jacobson III', '<p>Reiciendis libero corrupti nobis et itaque vero maxime animi. Sed inventore perspiciatis et illum. Quaerat officia dolores laudantium consequatur. Quod delectus dolores quia consequatur sint tempore vero.</p><p>Nulla quod aliquid et laboriosam rerum saepe. Quia hic debitis doloribus assumenda est doloremque excepturi. Et omnis accusantium ad voluptatem totam quos amet. Et explicabo ipsum nulla est.</p><p>Distinctio aut accusantium voluptas reprehenderit quia et impedit autem. Non aliquam illum animi sed dicta dolorem velit. Qui neque eligendi excepturi rerum recusandae.</p><p>Facilis occaecati in non earum. Hic dolorem voluptatum repellat vel est libero. Fuga ex quae dignissimos labore velit est unde voluptatibus. Debitis delectus voluptatem molestiae numquam enim.</p><p>Repudiandae aspernatur et omnis consectetur. Dignissimos perspiciatis suscipit modi omnis aspernatur expedita. A sapiente cumque deserunt qui id aut iure nulla. Consequuntur ullam iste ut voluptatum qui placeat eius necessitatibus.</p>', '2020-02-28 13:12:10'),
(88, 43, 'Zetta Heathcote III', '<p>Illo quia laudantium qui provident aliquam voluptas. Sint consequuntur sunt eum consectetur. Iusto nihil architecto corrupti similique deleniti quia.</p><p>Facere ducimus ipsa distinctio qui. Nostrum sint sit suscipit odit nihil perferendis suscipit. Minus dicta maxime voluptatibus facilis dolores possimus.</p><p>Dolorem quia minima autem velit quo cupiditate. Repellendus est pariatur animi possimus voluptatem voluptatem. Pariatur voluptatibus ullam non veniam.</p><p>Eveniet voluptates eius provident fuga et ut. Voluptates laboriosam rerum omnis dignissimos molestiae. Praesentium dicta repudiandae sunt tempora. Consequatur aliquam reprehenderit dolore corrupti.</p><p>Quibusdam quo at sed eos. Ab voluptatibus nostrum sunt voluptate. Et provident est voluptates quod voluptatem excepturi. Quos est accusamus quam nostrum dolores. Est itaque eum expedita qui facere.</p>', '2020-02-18 01:52:29'),
(89, 29, 'theo', 'test de commentaire', '2020-04-09 22:52:24'),
(90, 30, 'mael', 'cette photo est une pure production de machination de précauria à la sinatremeomrion de la conversation de la marta', '2020-04-09 23:11:09');

-- --------------------------------------------------------

--
-- Structure de la table `migration_versions`
--

DROP TABLE IF EXISTS `migration_versions`;
CREATE TABLE IF NOT EXISTS `migration_versions` (
  `version` varchar(14) COLLATE utf8mb4_unicode_ci NOT NULL,
  `executed_at` datetime NOT NULL COMMENT '(DC2Type:datetime_immutable)',
  PRIMARY KEY (`version`)
) ENGINE=InnoDB DEFAULT CHARSET=utf8mb4 COLLATE=utf8mb4_unicode_ci;

--
-- Déchargement des données de la table `migration_versions`
--

INSERT INTO `migration_versions` (`version`, `executed_at`) VALUES
('20200313145841', '2020-03-13 15:02:26'),
('20200401003039', '2020-04-01 00:33:38'),
('20200401004101', '2020-04-01 00:42:00'),
('20200410230756', '2020-04-10 23:08:30');

-- --------------------------------------------------------

--
-- Structure de la table `user`
--

DROP TABLE IF EXISTS `user`;
CREATE TABLE IF NOT EXISTS `user` (
  `id` int(11) NOT NULL AUTO_INCREMENT,
  `email` varchar(255) COLLATE utf8mb4_unicode_ci NOT NULL,
  `username` varchar(255) COLLATE utf8mb4_unicode_ci NOT NULL,
  `password` varchar(255) COLLATE utf8mb4_unicode_ci NOT NULL,
  PRIMARY KEY (`id`)
) ENGINE=InnoDB AUTO_INCREMENT=8 DEFAULT CHARSET=utf8mb4 COLLATE=utf8mb4_unicode_ci;

--
-- Déchargement des données de la table `user`
--

INSERT INTO `user` (`id`, `email`, `username`, `password`) VALUES
(3, 'mado@gmail.com', 'mado', '$2y$13$yL4pRXBmxs4xFtCExn5TM.Zmkl8mctvopSU0Jx/v/miVizP5Ao5k6'),
(4, 'baza@gmail.com', 'baza', '$2y$13$FkNaa6gFHyvR3Qk.uaPJ6.0E.oiVNA3WA/QHSOBUTaL9r3zDTa9HK'),
(5, 'isa@gmail.com', 'isa', '$2y$13$vGmMlgNwA/9N1C/C1esQsOgpG2M2OAD2FfmJHyllbnzCnVrcCh9R6'),
(6, 'eli@gmail.com', 'eli', '$2y$13$sTH6W80j7oAczXTKgeop3.zJAsfRoiaXW3b8mQVdK0XCdMBAqMasS'),
(7, 'test@gmail.com', 'testUserName', '$2y$13$.8LsANDwxmrREnetdjHd.eTXKGzymxUPzrG5qOAewdbAFTKyYMVou');

--
-- Contraintes pour les tables déchargées
--

--
-- Contraintes pour la table `article`
--
ALTER TABLE `article`
  ADD CONSTRAINT `FK_23A0E6612469DE2` FOREIGN KEY (`category_id`) REFERENCES `category` (`id`);

--
-- Contraintes pour la table `comment`
--
ALTER TABLE `comment`
  ADD CONSTRAINT `FK_9474526C7294869C` FOREIGN KEY (`article_id`) REFERENCES `article` (`id`);
COMMIT;

/*!40101 SET CHARACTER_SET_CLIENT=@OLD_CHARACTER_SET_CLIENT */;
/*!40101 SET CHARACTER_SET_RESULTS=@OLD_CHARACTER_SET_RESULTS */;
/*!40101 SET COLLATION_CONNECTION=@OLD_COLLATION_CONNECTION */;
